id;timestamp;numeric_value;string_value;variable
id1;2024-01-22 00:19:04.000000 UTC;;C_110;Werkstückträger
id1;2024-01-22 10:52:47.000000 UTC;;1;Tool
id10;2024-01-22 04:33:20.000000 UTC;;C_167;Werkstückträger
id10;2024-01-22 03:11:51.000000 UTC;392.2;;Dauer
id10;2024-01-22 06:01:34.000000 UTC;;5;Tool
id100;2024-01-22 10:15:26.000000 UTC;;C_144;Werkstückträger
id100;2024-01-22 00:21:21.000000 UTC;;2;Tool
id101;2024-01-22 10:17:23.000000 UTC;;C_082;Werkstückträger
id101;2024-01-22 00:35:10.000000 UTC;;2;Tool
id102;2024-01-22 10:18:15.000000 UTC;;C_107;Werkstückträger
id102;2024-01-22 00:35:32.000000 UTC;;2;Tool
id103;2024-01-22 10:19:26.000000 UTC;;C_163;Werkstückträger
id103;2024-01-22 00:35:50.000000 UTC;;3;Tool
id104;2024-01-22 10:20:51.000000 UTC;;C_054;Werkstückträger
id104;2024-01-22 00:36:06.000000 UTC;;3;Tool
id105;2024-01-22 10:21:25.000000 UTC;;C_171;Werkstückträger
id105;2024-01-22 00:37:16.000000 UTC;;2;Tool
id106;2024-01-22 10:21:57.000000 UTC;;C_099;Werkstückträger
id106;2024-01-22 00:37:34.000000 UTC;;2;Tool
id107;2024-01-22 10:25:34.000000 UTC;;C_213;Werkstückträger
id107;2024-01-22 00:39:33.000000 UTC;;5;Tool
id108;2024-01-22 10:26:36.000000 UTC;;C_174;Werkstückträger
id108;2024-01-22 00:39:49.000000 UTC;;5;Tool
id109;2024-01-22 10:28:46.000000 UTC;;C_178;Werkstückträger
id109;2024-01-22 00:44:35.000000 UTC;;5;Tool
id11;2024-01-22 04:40:56.000000 UTC;;C_224;Werkstückträger
id11;2024-01-22 03:32:07.000000 UTC;399.9;;Dauer
id11;2024-01-22 06:01:50.000000 UTC;;5;Tool
id110;2024-01-22 10:32:08.000000 UTC;;C_058;Werkstückträger
id110;2024-01-22 00:44:51.000000 UTC;;5;Tool
id111;2024-01-22 10:44:29.000000 UTC;;C_154;Werkstückträger
id111;2024-01-22 00:46:41.000000 UTC;;5;Tool
id112;2024-01-22 10:45:25.000000 UTC;;C_195;Werkstückträger
id112;2024-01-22 00:46:57.000000 UTC;;5;Tool
id113;2024-01-22 10:48:58.000000 UTC;;C_238;Werkstückträger
id113;2024-01-22 00:49:04.000000 UTC;;5;Tool
id114;2024-01-22 10:50:30.000000 UTC;;C_013;Werkstückträger
id114;2024-01-22 00:49:20.000000 UTC;;5;Tool
id115;2024-01-22 10:51:49.000000 UTC;;C_160;Werkstückträger
id115;2024-01-22 00:52:28.000000 UTC;;5;Tool
id116;2024-01-22 10:58:08.000000 UTC;;C_129;Werkstückträger
id116;2024-01-22 00:52:44.000000 UTC;;5;Tool
id117;2024-01-22 10:59:15.000000 UTC;;C_113;Werkstückträger
id117;2024-01-22 00:54:34.000000 UTC;;5;Tool
id118;2024-01-22 10:59:52.000000 UTC;;C_148;Werkstückträger
id118;2024-01-22 00:54:50.000000 UTC;;5;Tool
id119;2024-01-22 03:02:32.000000 UTC;;C_218;Werkstückträger
id119;2024-01-22 00:56:31.000000 UTC;;5;Tool
id12;2024-01-22 04:44:25.000000 UTC;;C_218;Werkstückträger
id12;2024-01-22 04:05:17.000000 UTC;404.2;;Dauer
id12;2024-01-22 06:02:32.000000 UTC;;2;Tool
id120;2024-01-22 03:10:05.000000 UTC;;C_205;Werkstückträger
id120;2024-01-22 00:56:48.000000 UTC;;5;Tool
id121;2024-01-22 03:11:21.000000 UTC;;C_221;Werkstückträger
id121;2024-01-22 02:59:45.000000 UTC;;5;Tool
id122;2024-01-22 03:12:30.000000 UTC;;C_006;Werkstückträger
id122;2024-01-22 03:00:02.000000 UTC;;5;Tool
id123;2024-01-22 03:14:36.000000 UTC;;C_157;Werkstückträger
id123;2024-01-22 03:01:32.000000 UTC;;4;Tool
id124;2024-01-22 03:15:26.000000 UTC;;C_127;Werkstückträger
id124;2024-01-22 03:01:50.000000 UTC;;4;Tool
id125;2024-01-22 03:16:09.000000 UTC;;C_026;Werkstückträger
id125;2024-01-22 03:00:32.000000 UTC;;3;Tool
id126;2024-01-22 03:16:55.000000 UTC;;C_209;Werkstückträger
id126;2024-01-22 03:01:52.000000 UTC;;5;Tool
id127;2024-01-22 03:19:17.000000 UTC;;C_194;Werkstückträger
id127;2024-01-22 03:02:07.000000 UTC;;3;Tool
id128;2024-01-22 03:28:23.000000 UTC;;C_132;Werkstückträger
id128;2024-01-22 03:02:08.000000 UTC;;5;Tool
id129;2024-01-22 03:30:15.000000 UTC;;C_223;Werkstückträger
id129;2024-01-22 03:04:35.000000 UTC;;3;Tool
id13;2024-01-22 04:44:50.000000 UTC;;C_205;Werkstückträger
id13;2024-01-22 12:22:02.000000 UTC;396.0;;Dauer
id13;2024-01-22 06:02:50.000000 UTC;;2;Tool
id130;2024-01-22 03:33:05.000000 UTC;;C_038;Werkstückträger
id130;2024-01-22 03:04:53.000000 UTC;;3;Tool
id131;2024-01-22 03:39:42.000000 UTC;;C_231;Werkstückträger
id131;2024-01-22 03:06:30.000000 UTC;;2;Tool
id132;2024-01-22 03:40:50.000000 UTC;;C_199;Werkstückträger
id132;2024-01-22 03:06:49.000000 UTC;;2;Tool
id133;2024-01-22 03:41:43.000000 UTC;;C_003;Werkstückträger
id133;2024-01-22 03:06:38.000000 UTC;;3;Tool
id134;2024-01-22 03:42:47.000000 UTC;;C_073;Werkstückträger
id134;2024-01-22 03:06:56.000000 UTC;;3;Tool
id135;2024-01-22 03:50:12.000000 UTC;;C_048;Werkstückträger
id135;2024-01-22 03:08:41.000000 UTC;;3;Tool
id136;2024-01-22 03:51:35.000000 UTC;;C_174;Werkstückträger
id136;2024-01-22 03:08:42.000000 UTC;;2;Tool
id137;2024-01-22 03:52:56.000000 UTC;;C_054;Werkstückträger
id137;2024-01-22 03:08:59.000000 UTC;;3;Tool
id138;2024-01-22 03:58:17.000000 UTC;;C_122;Werkstückträger
id138;2024-01-22 03:09:00.000000 UTC;;2;Tool
id139;2024-01-22 11:04:16.000000 UTC;;C_137;Werkstückträger
id139;2024-01-22 03:10:07.000000 UTC;;1;Tool
id14;2024-01-22 04:45:51.000000 UTC;;C_040;Werkstückträger
id14;2024-01-22 12:32:59.000000 UTC;399.9;;Dauer
id14;2024-01-22 06:03:47.000000 UTC;;5;Tool
id140;2024-01-22 11:04:42.000000 UTC;;C_165;Werkstückträger
id140;2024-01-22 03:10:26.000000 UTC;;1;Tool
id141;2024-01-22 11:21:39.000000 UTC;;C_066;Werkstückträger
id141;2024-01-22 03:10:40.000000 UTC;;4;Tool
id142;2024-01-22 11:21:48.000000 UTC;;C_026;Werkstückträger
id142;2024-01-22 03:10:59.000000 UTC;;4;Tool
id143;2024-01-22 11:22:31.000000 UTC;;C_046;Werkstückträger
id143;2024-01-22 03:11:07.000000 UTC;;2;Tool
id144;2024-01-22 11:23:06.000000 UTC;;C_153;Werkstückträger
id144;2024-01-22 03:11:26.000000 UTC;;2;Tool
id145;2024-01-22 11:24:12.000000 UTC;;C_006;Werkstückträger
id145;2024-01-22 03:12:22.000000 UTC;;1;Tool
id146;2024-01-22 11:28:15.000000 UTC;;C_240;Werkstückträger
id146;2024-01-22 03:12:44.000000 UTC;;1;Tool
id147;2024-01-22 11:28:34.000000 UTC;;C_171;Werkstückträger
id147;2024-01-22 03:13:20.000000 UTC;;2;Tool
id148;2024-01-22 11:28:54.000000 UTC;;C_159;Werkstückträger
id148;2024-01-22 03:13:24.000000 UTC;;4;Tool
id149;2024-01-22 11:29:30.000000 UTC;;C_249;Werkstückträger
id149;2024-01-22 03:13:38.000000 UTC;;2;Tool
id15;2024-01-22 04:46:45.000000 UTC;;C_006;Werkstückträger
id15;2024-01-22 09:15:44.000000 UTC;399.4;;Dauer
id15;2024-01-22 06:04:03.000000 UTC;;5;Tool
id150;2024-01-22 11:32:24.000000 UTC;;C_185;Werkstückträger
id150;2024-01-22 03:13:43.000000 UTC;;4;Tool
id151;2024-01-22 11:32:47.000000 UTC;;C_094;Werkstückträger
id151;2024-01-22 03:14:09.000000 UTC;;5;Tool
id152;2024-01-22 11:34:46.000000 UTC;;C_221;Werkstückträger
id152;2024-01-22 03:14:25.000000 UTC;;5;Tool
id153;2024-01-22 11:35:49.000000 UTC;;C_027;Werkstückträger
id153;2024-01-22 03:14:19.000000 UTC;;3;Tool
id154;2024-01-22 11:36:42.000000 UTC;;C_127;Werkstückträger
id154;2024-01-22 03:14:37.000000 UTC;;3;Tool
id155;2024-01-22 11:36:52.000000 UTC;;C_031;Werkstückträger
id155;2024-01-22 03:14:33.000000 UTC;;1;Tool
id156;2024-01-22 11:37:09.000000 UTC;;C_167;Werkstückträger
id156;2024-01-22 03:14:55.000000 UTC;;1;Tool
id157;2024-01-22 11:37:47.000000 UTC;;C_096;Werkstückträger
id157;2024-01-22 03:15:23.000000 UTC;;4;Tool
id158;2024-01-22 11:38:37.000000 UTC;;C_138;Werkstückträger
id158;2024-01-22 03:15:41.000000 UTC;;4;Tool
id159;2024-01-22 11:48:53.000000 UTC;;C_209;Werkstückträger
id159;2024-01-22 03:15:33.000000 UTC;;2;Tool
id16;2024-01-22 09:01:31.000000 UTC;;C_113;Werkstückträger
id16;2024-01-22 09:23:56.000000 UTC;399.9;;Dauer
id16;2024-01-22 06:04:30.000000 UTC;;2;Tool
id160;2024-01-22 11:49:01.000000 UTC;;C_157;Werkstückträger
id160;2024-01-22 03:15:52.000000 UTC;;2;Tool
id161;2024-01-22 11:49:39.000000 UTC;;C_055;Werkstückträger
id161;2024-01-22 03:16:27.000000 UTC;;5;Tool
id162;2024-01-22 11:50:17.000000 UTC;;C_003;Werkstückträger
id162;2024-01-22 03:16:43.000000 UTC;;5;Tool
id163;2024-01-22 11:51:27.000000 UTC;;C_022;Werkstückträger
id163;2024-01-22 03:16:41.000000 UTC;;1;Tool
id164;2024-01-22 11:52:03.000000 UTC;;C_224;Werkstückträger
id164;2024-01-22 03:17:04.000000 UTC;;1;Tool
id165;2024-01-22 08:02:54.000000 UTC;;C_167;Werkstückträger
id165;2024-01-22 03:17:40.000000 UTC;;2;Tool
id166;2024-01-22 08:03:04.000000 UTC;;C_167;Werkstückträger
id166;2024-01-22 03:17:58.000000 UTC;;2;Tool
id167;2024-01-22 08:07:39.000000 UTC;;C_087;Werkstückträger
id167;2024-01-22 03:18:15.000000 UTC;;3;Tool
id168;2024-01-22 08:07:49.000000 UTC;;C_087;Werkstückträger
id168;2024-01-22 03:18:33.000000 UTC;;3;Tool
id169;2024-01-22 08:10:26.000000 UTC;;C_022;Werkstückträger
id169;2024-01-22 03:18:52.000000 UTC;;1;Tool
id17;2024-01-22 09:01:41.000000 UTC;;C_113;Werkstückträger
id17;2024-01-22 08:39:31.000000 UTC;399.6;;Dauer
id17;2024-01-22 06:04:49.000000 UTC;;2;Tool
id170;2024-01-22 08:12:24.000000 UTC;;C_027;Werkstückträger
id170;2024-01-22 03:19:10.000000 UTC;;1;Tool
id171;2024-01-22 08:12:34.000000 UTC;;C_027;Werkstückträger
id171;2024-01-22 03:19:46.000000 UTC;;5;Tool
id172;2024-01-22 08:16:36.000000 UTC;;C_013;Werkstückträger
id172;2024-01-22 03:20:02.000000 UTC;;5;Tool
id173;2024-01-22 08:16:46.000000 UTC;;C_013;Werkstückträger
id173;2024-01-22 03:19:57.000000 UTC;;2;Tool
id174;2024-01-22 08:18:39.000000 UTC;;C_053;Werkstückträger
id174;2024-01-22 03:20:16.000000 UTC;;2;Tool
id175;2024-01-22 08:18:49.000000 UTC;;C_053;Werkstückträger
id175;2024-01-22 03:20:21.000000 UTC;;3;Tool
id176;2024-01-22 08:20:16.000000 UTC;;C_231;Werkstückträger
id176;2024-01-22 03:20:26.000000 UTC;;4;Tool
id177;2024-01-22 08:21:50.000000 UTC;;C_038;Werkstückträger
id177;2024-01-22 03:20:39.000000 UTC;;3;Tool
id178;2024-01-22 08:22:00.000000 UTC;;C_038;Werkstückträger
id178;2024-01-22 03:20:46.000000 UTC;;4;Tool
id179;2024-01-22 08:24:15.000000 UTC;;C_178;Werkstückträger
id179;2024-01-22 03:22:08.000000 UTC;;2;Tool
id18;2024-01-22 09:02:42.000000 UTC;;C_148;Werkstückträger
id18;2024-01-22 08:44:50.000000 UTC;399.9;;Dauer
id18;2024-01-22 06:04:40.000000 UTC;;6;Tool
id180;2024-01-22 08:25:13.000000 UTC;;C_220;Werkstückträger
id180;2024-01-22 03:22:26.000000 UTC;;2;Tool
id181;2024-01-22 08:25:45.000000 UTC;;C_082;Werkstückträger
id181;2024-01-22 03:22:34.000000 UTC;;3;Tool
id182;2024-01-22 08:28:43.000000 UTC;;C_240;Werkstückträger
id182;2024-01-22 03:22:57.000000 UTC;;3;Tool
id183;2024-01-22 08:28:53.000000 UTC;;C_240;Werkstückträger
id183;2024-01-22 03:23:04.000000 UTC;;1;Tool
id184;2024-01-22 08:31:54.000000 UTC;;C_161;Werkstückträger
id184;2024-01-22 03:23:29.000000 UTC;;1;Tool
id185;2024-01-22 08:32:05.000000 UTC;;C_161;Werkstückträger
id185;2024-01-22 03:23:35.000000 UTC;;5;Tool
id186;2024-01-22 08:32:27.000000 UTC;;C_161;Werkstückträger
id186;2024-01-22 03:23:35.000000 UTC;;4;Tool
id187;2024-01-22 08:33:20.000000 UTC;;C_153;Werkstückträger
id187;2024-01-22 03:23:51.000000 UTC;;5;Tool
id188;2024-01-22 08:33:59.000000 UTC;;C_146;Werkstückträger
id188;2024-01-22 03:23:54.000000 UTC;;4;Tool
id189;2024-01-22 08:34:09.000000 UTC;;C_146;Werkstückträger
id189;2024-01-22 03:24:08.000000 UTC;;2;Tool
id19;2024-01-22 09:02:52.000000 UTC;;C_148;Werkstückträger
id19;2024-01-22 06:04:58.000000 UTC;;6;Tool
id190;2024-01-22 08:34:38.000000 UTC;;C_127;Werkstückträger
id190;2024-01-22 03:24:26.000000 UTC;;2;Tool
id191;2024-01-22 08:36:05.000000 UTC;;C_188;Werkstückträger
id191;2024-01-22 03:24:42.000000 UTC;;3;Tool
id192;2024-01-22 08:38:02.000000 UTC;;C_171;Werkstückträger
id192;2024-01-22 03:25:04.000000 UTC;;3;Tool
id193;2024-01-22 08:38:12.000000 UTC;;C_171;Werkstückträger
id193;2024-01-22 03:25:16.000000 UTC;;1;Tool
id194;2024-01-22 08:38:33.000000 UTC;;C_171;Werkstückträger
id194;2024-01-22 03:25:34.000000 UTC;;1;Tool
id195;2024-01-22 08:39:19.000000 UTC;;C_221;Werkstückträger
id195;2024-01-22 03:25:54.000000 UTC;;4;Tool
id196;2024-01-22 08:39:29.000000 UTC;;C_221;Werkstückträger
id196;2024-01-22 03:26:13.000000 UTC;;4;Tool
id197;2024-01-22 08:41:06.000000 UTC;;C_157;Werkstückträger
id197;2024-01-22 03:26:57.000000 UTC;;3;Tool
id198;2024-01-22 08:42:23.000000 UTC;;C_221;Werkstückträger
id198;2024-01-22 03:27:18.000000 UTC;;3;Tool
id199;2024-01-22 08:46:17.000000 UTC;;C_249;Werkstückträger
id199;2024-01-22 03:27:45.000000 UTC;;1;Tool
id2;2024-01-22 00:28:03.000000 UTC;;C_164;Werkstückträger
id2;2024-01-22 11:55:40.000000 UTC;400.5;;Dauer
id2;2024-01-22 10:53:55.000000 UTC;;2;Tool
id20;2024-01-22 09:04:43.000000 UTC;;C_073;Werkstückträger
id20;2024-01-22 06:05:44.000000 UTC;;5;Tool
id200;2024-01-22 08:46:27.000000 UTC;;C_249;Werkstückträger
id200;2024-01-22 03:28:02.000000 UTC;;1;Tool
id201;2024-01-22 08:49:32.000000 UTC;;C_209;Werkstückträger
id201;2024-01-22 03:28:04.000000 UTC;;4;Tool
id202;2024-01-22 08:49:42.000000 UTC;;C_209;Werkstückträger
id202;2024-01-22 03:28:23.000000 UTC;;4;Tool
id203;2024-01-22 08:52:13.000000 UTC;;C_055;Werkstückträger
id203;2024-01-22 03:28:40.000000 UTC;;2;Tool
id204;2024-01-22 08:52:23.000000 UTC;;C_055;Werkstückträger
id204;2024-01-22 03:28:59.000000 UTC;;2;Tool
id205;2024-01-22 08:53:38.000000 UTC;;C_149;Werkstückträger
id205;2024-01-22 03:29:09.000000 UTC;;3;Tool 
id206;2024-01-22 08:53:48.000000 UTC;;C_149;Werkstückträger
id206;2024-01-22 03:29:30.000000 UTC;;3;Tool
id207;2024-01-22 08:55:53.000000 UTC;;C_144;Werkstückträger
id207;2024-01-22 03:29:44.000000 UTC;;1;Tool
id208;2024-01-22 08:56:04.000000 UTC;;C_144;Werkstückträger
id208;2024-01-22 03:30:05.000000 UTC;;1;Tool
id209;2024-01-22 08:56:28.000000 UTC;;C_107;Werkstückträger
id209;2024-01-22 03:30:05.000000 UTC;;4;Tool
id21;2024-01-22 09:04:54.000000 UTC;;C_073;Werkstückträger
id21;2024-01-22 06:06:35.000000 UTC;;5;Tool
id210;2024-01-22 08:57:45.000000 UTC;;C_163;Werkstückträger
id210;2024-01-22 03:30:24.000000 UTC;;4;Tool
id211;2024-01-22 08:57:56.000000 UTC;;C_163;Werkstückträger
id211;2024-01-22 03:33:56.000000 UTC;;4;Tool
id212;2024-01-22 08:58:32.000000 UTC;;C_054;Werkstückträger
id212;2024-01-22 03:34:15.000000 UTC;;4;Tool
id213;2024-01-22 08:58:43.000000 UTC;;C_054;Werkstückträger
id213;2024-01-22 03:36:32.000000 UTC;;4;Tool
id214;2024-01-22 06:01:14.000000 UTC;;C_054;Werkstückträger
id214;2024-01-22 03:36:51.000000 UTC;;4;Tool
id215;2024-01-22 06:03:36.000000 UTC;;C_046;Werkstückträger
id215;2024-01-22 03:36:43.000000 UTC;;1;Tool
id216;2024-01-22 06:04:25.000000 UTC;;C_138;Werkstückträger
id216;2024-01-22 03:37:01.000000 UTC;;1;Tool
id217;2024-01-22 06:05:22.000000 UTC;;C_038;Werkstückträger
id217;2024-01-22 03:37:32.000000 UTC;;3;Tool
id218;2024-01-22 06:06:24.000000 UTC;;C_107;Werkstückträger
id218;2024-01-22 03:38:33.000000 UTC;;3;Tool
id219;2024-01-22 06:21:06.000000 UTC;;C_026;Werkstückträger
id219;2024-01-22 03:40:19.000000 UTC;;3;Tool
id22;2024-01-22 09:05:46.000000 UTC;;C_026;Werkstückträger
id22;2024-01-22 06:06:35.000000 UTC;;2;Tool
id220;2024-01-22 06:22:03.000000 UTC;;C_218;Werkstückträger
id220;2024-01-22 03:40:37.000000 UTC;;3;Tool
id221;2024-01-22 06:27:32.000000 UTC;;C_048;Werkstückträger
id221;2024-01-22 03:42:21.000000 UTC;;3;Tool 
id222;2024-01-22 06:28:48.000000 UTC;;C_194;Werkstückträger
id222;2024-01-22 03:42:39.000000 UTC;;3;Tool
id223;2024-01-22 06:30:12.000000 UTC;;C_167;Werkstückträger
id223;2024-01-22 03:42:43.000000 UTC;;1;Tool
id224;2024-01-22 06:31:15.000000 UTC;;C_027;Werkstückträger
id224;2024-01-22 03:43:01.000000 UTC;;1;Tool
id225;2024-01-22 06:32:48.000000 UTC;;C_174;Werkstückträger
id225;2024-01-22 03:43:13.000000 UTC;;4;Tool
id226;2024-01-22 06:41:58.000000 UTC;;C_022;Werkstückträger
id226;2024-01-22 03:43:32.000000 UTC;;4;Tool
id227;2024-01-22 06:43:46.000000 UTC;;C_249;Werkstückträger
id227;2024-01-22 03:43:49.000000 UTC;;2;Tool
id228;2024-01-22 06:48:48.000000 UTC;;C_209;Werkstückträger
id228;2024-01-22 03:44:08.000000 UTC;;2;Tool
id229;2024-01-22 06:49:34.000000 UTC;;C_122;Werkstückträger
id229;2024-01-22 03:44:25.000000 UTC;;3;Tool
id23;2024-01-22 09:09:15.000000 UTC;;C_174;Werkstückträger
id23;2024-01-22 06:01:30.000000 UTC;;1;Tool
id230;2024-01-22 06:51:09.000000 UTC;;C_019;Werkstückträger
id230;2024-01-22 03:44:47.000000 UTC;;3;Tool
id231;2024-01-22 01:00:40.000000 UTC;;C_026;Werkstückträger
id231;2024-01-22 03:48:32.000000 UTC;;1;Tool
id232;2024-01-22 01:03:26.000000 UTC;;C_122;Werkstückträger
id232;2024-01-22 03:48:50.000000 UTC;;1;Tool
id233;2024-01-22 01:04:50.000000 UTC;;C_238;Werkstückträger
id233;2024-01-22 03:50:58.000000 UTC;;1;Tool
id234;2024-01-22 01:05:57.000000 UTC;;C_209;Werkstückträger
id234;2024-01-22 03:51:16.000000 UTC;;1;Tool
id235;2024-01-22 01:06:43.000000 UTC;;C_040;Werkstückträger
id235;2024-01-22 03:55:42.000000 UTC;;2;Tool
id236;2024-01-22 01:08:16.000000 UTC;;C_078;Werkstückträger
id236;2024-01-22 03:56:00.000000 UTC;;2;Tool
id237;2024-01-22 01:09:00.000000 UTC;;C_223;Werkstückträger
id237;2024-01-22 03:57:01.000000 UTC;;3;Tool
id238;2024-01-22 01:09:48.000000 UTC;;C_132;Werkstückträger
id238;2024-01-22 03:57:18.000000 UTC;;3;Tool
id239;2024-01-22 01:10:36.000000 UTC;;C_058;Werkstückträger
id239;2024-01-22 03:57:48.000000 UTC;;2;Tool
id24;2024-01-22 09:09:25.000000 UTC;;C_174;Werkstückträger
id24;2024-01-22 06:06:53.000000 UTC;;2;Tool
id240;2024-01-22 01:16:39.000000 UTC;;C_184;Werkstückträger
id240;2024-01-22 03:58:07.000000 UTC;;2;Tool
id241;2024-01-22 01:17:21.000000 UTC;;C_249;Werkstückträger
id241;2024-01-22 03:59:13.000000 UTC;;3;Tool
id242;2024-01-22 01:18:49.000000 UTC;;C_027;Werkstückträger
id242;2024-01-22 03:59:31.000000 UTC;;3;Tool
id243;2024-01-22 01:19:17.000000 UTC;;C_230;Werkstückträger
id243;2024-01-22 02:11:29.000000 UTC;;5;Tool
id244;2024-01-22 01:20:34.000000 UTC;;C_148;Werkstückträger
id244;2024-01-22 02:11:45.000000 UTC;;5;Tool
id245;2024-01-22 01:24:00.000000 UTC;;C_022;Werkstückträger
id245;2024-01-22 02:13:36.000000 UTC;;5;Tool
id246;2024-01-22 01:25:33.000000 UTC;;C_224;Werkstückträger
id246;2024-01-22 02:13:52.000000 UTC;;5;Tool
id247;2024-01-22 01:28:17.000000 UTC;;C_138;Werkstückträger
id247;2024-01-22 02:15:51.000000 UTC;;5;Tool
id248;2024-01-22 01:29:35.000000 UTC;;C_106;Werkstückträger
id248;2024-01-22 02:16:07.000000 UTC;;5;Tool
id249;2024-01-22 01:30:13.000000 UTC;;C_218;Werkstückträger
id249;2024-01-22 02:17:49.000000 UTC;;5;Tool
id25;2024-01-22 09:14:06.000000 UTC;;C_205;Werkstückträger
id25;2024-01-22 06:08:50.000000 UTC;;5;Tool
id250;2024-01-22 01:31:01.000000 UTC;;C_107;Werkstückträger
id250;2024-01-22 02:18:06.000000 UTC;;5;Tool
id251;2024-01-22 01:32:20.000000 UTC;;C_205;Werkstückträger
id251;2024-01-22 02:21:11.000000 UTC;;5;Tool
id252;2024-01-22 01:33:43.000000 UTC;;C_006;Werkstückträger
id252;2024-01-22 02:21:27.000000 UTC;;5;Tool
id253;2024-01-22 01:34:44.000000 UTC;;C_157;Werkstückträger
id253;2024-01-22 02:23:17.000000 UTC;;5;Tool
id254;2024-01-22 01:36:03.000000 UTC;;C_127;Werkstückträger
id254;2024-01-22 02:23:34.000000 UTC;;5;Tool
id255;2024-01-22 01:37:08.000000 UTC;;C_110;Werkstückträger
id255;2024-01-22 02:25:24.000000 UTC;;5;Tool
id256;2024-01-22 01:38:14.000000 UTC;;C_167;Werkstückträger
id256;2024-01-22 02:25:40.000000 UTC;;5;Tool
id257;2024-01-22 01:39:38.000000 UTC;;C_221;Werkstückträger
id257;2024-01-22 02:27:31.000000 UTC;;5;Tool
id258;2024-01-22 01:41:20.000000 UTC;;C_188;Werkstückträger
id258;2024-01-22 02:27:48.000000 UTC;;5;Tool
id259;2024-01-22 01:41:26.000000 UTC;;C_038;Werkstückträger
id259;2024-01-22 02:32:11.000000 UTC;;2;Tool
id26;2024-01-22 09:14:16.000000 UTC;;C_205;Werkstückträger
id26;2024-01-22 06:09:07.000000 UTC;;5;Tool
id260;2024-01-22 01:43:26.000000 UTC;;C_038;Werkstückträger
id260;2024-01-22 02:32:32.000000 UTC;;2;Tool
id261;2024-01-22 01:48:53.000000 UTC;;C_041;Werkstückträger
id261;2024-01-22 02:44:16.000000 UTC;;2;Tool
id262;2024-01-22 01:51:28.000000 UTC;;C_182;Werkstückträger
id262;2024-01-22 02:44:37.000000 UTC;;2;Tool
id263;2024-01-22 01:52:38.000000 UTC;;C_231;Werkstückträger
id263;2024-01-22 02:47:44.000000 UTC;;2;Tool
id264;2024-01-22 01:54:37.000000 UTC;;C_093;Werkstückträger
id264;2024-01-22 02:48:06.000000 UTC;;2;Tool
id265;2024-01-22 01:56:01.000000 UTC;;C_062;Werkstückträger
id265;2024-01-22 02:49:30.000000 UTC;;3;Tool
id266;2024-01-22 01:57:03.000000 UTC;;C_150;Werkstückträger
id266;2024-01-22 02:49:45.000000 UTC;;3;Tool
id267;2024-01-22 01:58:06.000000 UTC;;C_011;Werkstückträger
id267;2024-01-22 02:52:45.000000 UTC;;2;Tool
id268;2024-01-22 01:59:12.000000 UTC;;C_199;Werkstückträger
id268;2024-01-22 02:53:06.000000 UTC;;2;Tool
id269;2024-01-22 12:08:53.000000 UTC;;C_082;Werkstückträger
id269;2024-01-22 02:54:46.000000 UTC;;2;Tool
id27;2024-01-22 09:16:34.000000 UTC;;C_224;Werkstückträger
id27;2024-01-22 06:12:35.000000 UTC;;5;Tool
id270;2024-01-22 12:15:30.000000 UTC;;C_213;Werkstückträger
id270;2024-01-22 02:55:04.000000 UTC;;2;Tool
id271;2024-01-22 12:17:26.000000 UTC;;C_163;Werkstückträger
id271;2024-01-22 02:56:52.000000 UTC;;2;Tool
id272;2024-01-22 12:18:02.000000 UTC;;C_178;Werkstückträger
id272;2024-01-22 02:57:11.000000 UTC;;2;Tool
id273;2024-01-22 12:34:19.000000 UTC;;C_054;Werkstückträger
id273;2024-01-22 02:59:33.000000 UTC;;4;Tool
id274;2024-01-22 12:34:47.000000 UTC;;C_144;Werkstückträger
id274;2024-01-22 02:59:52.000000 UTC;;4;Tool
id275;2024-01-22 12:35:23.000000 UTC;;C_174;Werkstückträger
id275;2024-01-22 12:05:47.000000 UTC;;2;Tool
id276;2024-01-22 12:36:10.000000 UTC;;C_149;Werkstückträger
id276;2024-01-22 12:06:06.000000 UTC;;2;Tool
id277;2024-01-22 12:36:52.000000 UTC;;C_058;Werkstückträger
id277;2024-01-22 12:06:44.000000 UTC;;1;Tool
id278;2024-01-22 12:38:06.000000 UTC;;C_242;Werkstückträger
id278;2024-01-22 12:07:09.000000 UTC;;1;Tool
id279;2024-01-22 12:38:43.000000 UTC;;C_087;Werkstückträger
id279;2024-01-22 12:16:24.000000 UTC;;2;Tool
id28;2024-01-22 09:16:44.000000 UTC;;C_224;Werkstückträger
id28;2024-01-22 06:12:51.000000 UTC;;5;Tool
id280;2024-01-22 12:39:19.000000 UTC;;C_079;Werkstückträger
id280;2024-01-22 12:16:43.000000 UTC;;2;Tool
id281;2024-01-22 12:40:43.000000 UTC;;C_181;Werkstückträger
id281;2024-01-22 12:18:22.000000 UTC;;4;Tool
id282;2024-01-22 12:41:15.000000 UTC;;C_160;Werkstückträger
id282;2024-01-22 12:18:26.000000 UTC;;2;Tool
id283;2024-01-22 12:41:57.000000 UTC;;C_231;Werkstückträger
id283;2024-01-22 12:18:42.000000 UTC;;4;Tool
id284;2024-01-22 12:43:14.000000 UTC;;C_146;Werkstückträger
id284;2024-01-22 12:18:45.000000 UTC;;2;Tool
id285;2024-01-22 12:43:29.000000 UTC;;C_188;Werkstückträger
id285;2024-01-22 12:20:19.000000 UTC;;5;Tool
id286;2024-01-22 12:44:08.000000 UTC;;C_220;Werkstückträger
id286;2024-01-22 12:20:35.000000 UTC;;5;Tool
id287;2024-01-22 12:44:45.000000 UTC;;C_129;Werkstückträger
id287;2024-01-22 12:21:08.000000 UTC;;4;Tool
id288;2024-01-22 12:45:18.000000 UTC;;C_171;Werkstückträger
id288;2024-01-22 12:21:27.000000 UTC;;4;Tool
id289;2024-01-22 12:49:07.000000 UTC;;C_099;Werkstückträger
id289;2024-01-22 12:22:05.000000 UTC;;3;Tool
id29;2024-01-22 09:20:55.000000 UTC;;C_058;Werkstückträger
id29;2024-01-22 06:16:29.000000 UTC;;2;Tool
id290;2024-01-22 12:49:45.000000 UTC;;C_053;Werkstückträger
id290;2024-01-22 12:22:21.000000 UTC;;3;Tool
id291;2024-01-22 12:50:23.000000 UTC;;C_148;Werkstückträger
id291;2024-01-22 12:25:40.000000 UTC;;2;Tool
id292;2024-01-22 12:51:54.000000 UTC;;C_038;Werkstückträger
id292;2024-01-22 12:25:58.000000 UTC;;2;Tool
id293;2024-01-22 12:52:17.000000 UTC;;C_073;Werkstückträger
id293;2024-01-22 12:26:55.000000 UTC;;5;Tool
id294;2024-01-22 12:52:59.000000 UTC;;C_113;Werkstückträger
id294;2024-01-22 12:27:11.000000 UTC;;5;Tool
id295;2024-01-22 12:53:12.000000 UTC;;C_243;Werkstückträger
id295;2024-01-22 12:28:53.000000 UTC;;5;Tool
id296;2024-01-22 12:53:58.000000 UTC;;C_204;Werkstückträger
id296;2024-01-22 12:28:59.000000 UTC;;3;Tool
id297;2024-01-22 12:55:16.000000 UTC;;C_019;Werkstückträger
id297;2024-01-22 12:29:10.000000 UTC;;5;Tool
id298;2024-01-22 12:55:59.000000 UTC;;C_131;Werkstückträger
id298;2024-01-22 12:29:16.000000 UTC;;3;Tool
id299;2024-01-22 12:56:08.000000 UTC;;C_122;Werkstückträger
id299;2024-01-22 12:31:12.000000 UTC;;3;Tool
id3;2024-01-22 00:58:28.000000 UTC;;C_180;Werkstückträger
id3;2024-01-22 01:38:32.000000 UTC;399.9;;Dauer
id3;2024-01-22 10:54:16.000000 UTC;;2;Tool
id30;2024-01-22 09:21:06.000000 UTC;;C_058;Werkstückträger
id30;2024-01-22 06:16:48.000000 UTC;;2;Tool
id300;2024-01-22 12:56:45.000000 UTC;;C_128;Werkstückträger
id300;2024-01-22 12:31:29.000000 UTC;;3;Tool
id301;2024-01-22 12:57:37.000000 UTC;;C_223;Werkstückträger
id301;2024-01-22 12:30:46.000000 UTC;;6;Tool
id302;2024-01-22 07:07:58.000000 UTC;;C_238;Werkstückträger
id302;2024-01-22 12:37:37.000000 UTC;;2;Tool
id303;2024-01-22 07:12:00.000000 UTC;;C_093;Werkstückträger
id303;2024-01-22 12:37:56.000000 UTC;;2;Tool
id304;2024-01-22 07:12:58.000000 UTC;;C_221;Werkstückträger
id304;2024-01-22 12:37:44.000000 UTC;;4;Tool
id305;2024-01-22 07:13:38.000000 UTC;;C_157;Werkstückträger
id305;2024-01-22 12:38:03.000000 UTC;;4;Tool
id306;2024-01-22 07:30:38.000000 UTC;;C_079;Werkstückträger
id306;2024-01-22 12:38:18.000000 UTC;;5;Tool
id307;2024-01-22 07:32:27.000000 UTC;;C_132;Werkstückträger
id307;2024-01-22 12:38:34.000000 UTC;;5;Tool
id308;2024-01-22 07:35:44.000000 UTC;;C_144;Werkstückträger
id308;2024-01-22 12:38:36.000000 UTC;;3;Tool
id309;2024-01-22 07:39:42.000000 UTC;;C_054;Werkstückträger
id309;2024-01-22 12:38:42.000000 UTC;;1;Tool
id31;2024-01-22 09:24:00.000000 UTC;;C_152;Werkstückträger
id31;2024-01-22 06:19:33.000000 UTC;;5;Tool
id310;2024-01-22 07:40:44.000000 UTC;;C_046;Werkstückträger
id310;2024-01-22 12:38:57.000000 UTC;;3;Tool
id311;2024-01-22 07:43:00.000000 UTC;;C_113;Werkstückträger
id311;2024-01-22 12:39:00.000000 UTC;;1;Tool
id312;2024-01-22 07:46:55.000000 UTC;;C_199;Werkstückträger
id312;2024-01-22 12:39:40.000000 UTC;;2;Tool
id313;2024-01-22 07:48:24.000000 UTC;;C_073;Werkstückträger
id313;2024-01-22 12:39:44.000000 UTC;;4;Tool
id314;2024-01-22 12:39:58.000000 UTC;;2;Tool
id315;2024-01-22 12:40:03.000000 UTC;;4;Tool
id316;2024-01-22 12:40:49.000000 UTC;;5;Tool
id317;2024-01-22 12:40:48.000000 UTC;;3;Tool
id318;2024-01-22 12:41:05.000000 UTC;;5;Tool
id319;2024-01-22 12:41:09.000000 UTC;;3;Tool
id32;2024-01-22 09:24:11.000000 UTC;;C_152;Werkstückträger
id32;2024-01-22 06:19:49.000000 UTC;;5;Tool
id320;2024-01-22 12:40:48.000000 UTC;;1;Tool
id321;2024-01-22 12:41:40.000000 UTC;;1;Tool
id322;2024-01-22 12:41:44.000000 UTC;;4;Tool
id323;2024-01-22 12:41:45.000000 UTC;;2;Tool
id324;2024-01-22 12:42:03.000000 UTC;;4;Tool
id325;2024-01-22 12:42:04.000000 UTC;;2;Tool
id326;2024-01-22 12:44:02.000000 UTC;;5;Tool
id327;2024-01-22 12:44:18.000000 UTC;;5;Tool
id328;2024-01-22 12:44:23.000000 UTC;;4;Tool
id329;2024-01-22 12:44:42.000000 UTC;;4;Tool
id33;2024-01-22 09:25:45.000000 UTC;;C_229;Werkstückträger
id33;2024-01-22 06:23:19.000000 UTC;;5;Tool
id330;2024-01-22 12:49:04.000000 UTC;;4;Tool
id331;2024-01-22 12:49:23.000000 UTC;;4;Tool
id332;2024-01-22 12:49:28.000000 UTC;;2;Tool
id333;2024-01-22 12:49:47.000000 UTC;;2;Tool
id334;2024-01-22 12:50:29.000000 UTC;;5;Tool
id335;2024-01-22 12:50:29.000000 UTC;;1;Tool
id336;2024-01-22 12:50:45.000000 UTC;;5;Tool
id337;2024-01-22 12:50:50.000000 UTC;;1;Tool
id338;2024-01-22 12:46:28.000000 UTC;;3;Tool
id339;2024-01-22 12:57:18.000000 UTC;;3;Tool
id34;2024-01-22 09:25:56.000000 UTC;;C_229;Werkstückträger
id34;2024-01-22 06:23:35.000000 UTC;;5;Tool
id340;2024-01-22 04:00:12.000000 UTC;;4;Tool
id341;2024-01-22 04:00:31.000000 UTC;;4;Tool
id342;2024-01-22 04:02:24.000000 UTC;;4;Tool
id343;2024-01-22 04:02:43.000000 UTC;;4;Tool
id344;2024-01-22 04:02:34.000000 UTC;;1;Tool
id345;2024-01-22 04:02:52.000000 UTC;;1;Tool
id346;2024-01-22 04:03:24.000000 UTC;;3;Tool
id347;2024-01-22 04:03:30.000000 UTC;;2;Tool
id348;2024-01-22 04:03:48.000000 UTC;;3;Tool
id349;2024-01-22 04:03:48.000000 UTC;;2;Tool
id35;2024-01-22 09:36:04.000000 UTC;;C_155;Werkstückträger
id35;2024-01-22 06:28:17.000000 UTC;;3;Tool
id350;2024-01-22 04:10:30.000000 UTC;;1;Tool
id351;2024-01-22 04:10:49.000000 UTC;;1;Tool
id352;2024-01-22 04:16:26.000000 UTC;;3;Tool
id353;2024-01-22 04:16:44.000000 UTC;;3;Tool
id354;2024-01-22 04:17:58.000000 UTC;;1;Tool
id355;2024-01-22 04:18:16.000000 UTC;;1;Tool
id356;2024-01-22 04:19:51.000000 UTC;;5;Tool
id357;2024-01-22 04:20:04.000000 UTC;;1;Tool
id358;2024-01-22 04:20:22.000000 UTC;;1;Tool
id359;2024-01-22 04:20:59.000000 UTC;;2;Tool
id36;2024-01-22 09:36:15.000000 UTC;;C_155;Werkstückträger
id36;2024-01-22 06:28:32.000000 UTC;;3;Tool
id360;2024-01-22 04:21:18.000000 UTC;;2;Tool
id361;2024-01-22 04:22:31.000000 UTC;;3;Tool
id362;2024-01-22 04:22:48.000000 UTC;;3;Tool
id363;2024-01-22 04:31:59.000000 UTC;;4;Tool
id364;2024-01-22 04:32:35.000000 UTC;;4;Tool
id365;2024-01-22 04:32:52.000000 UTC;;5;Tool
id366;2024-01-22 04:37:28.000000 UTC;;5;Tool
id367;2024-01-22 04:37:45.000000 UTC;;5;Tool
id368;2024-01-22 04:38:47.000000 UTC;;2;Tool
id369;2024-01-22 04:39:06.000000 UTC;;2;Tool
id37;2024-01-22 09:36:46.000000 UTC;;C_132;Werkstückträger
id37;2024-01-22 06:29:21.000000 UTC;;4;Tool
id370;2024-01-22 04:41:02.000000 UTC;;2;Tool
id371;2024-01-22 04:41:21.000000 UTC;;2;Tool
id372;2024-01-22 04:42:00.000000 UTC;;1;Tool
id373;2024-01-22 04:42:25.000000 UTC;;1;Tool
id374;2024-01-22 04:42:53.000000 UTC;;6;Tool
id375;2024-01-22 04:43:00.000000 UTC;;2;Tool
id376;2024-01-22 04:43:10.000000 UTC;;6;Tool
id377;2024-01-22 04:43:19.000000 UTC;;2;Tool
id378;2024-01-22 04:45:14.000000 UTC;;2;Tool
id379;2024-01-22 04:45:32.000000 UTC;;2;Tool
id38;2024-01-22 09:36:57.000000 UTC;;C_132;Werkstückträger
id38;2024-01-22 06:29:40.000000 UTC;;4;Tool
id380;2024-01-22 04:46:59.000000 UTC;;3;Tool
id381;2024-01-22 04:47:15.000000 UTC;;3;Tool
id382;2024-01-22 04:47:10.000000 UTC;;2;Tool
id383;2024-01-22 04:47:29.000000 UTC;;2;Tool
id384;2024-01-22 04:47:54.000000 UTC;;4;Tool
id385;2024-01-22 04:48:13.000000 UTC;;4;Tool
id386;2024-01-22 04:48:26.000000 UTC;;1;Tool
id387;2024-01-22 04:50:26.000000 UTC;;4;Tool
id388;2024-01-22 04:50:45.000000 UTC;;4;Tool
id389;2024-01-22 04:52:37.000000 UTC;;4;Tool
id39;2024-01-22 09:38:27.000000 UTC;;C_137;Werkstückträger
id39;2024-01-22 06:31:18.000000 UTC;;6;Tool
id390;2024-01-22 04:52:56.000000 UTC;;4;Tool
id391;2024-01-22 04:54:48.000000 UTC;;4;Tool
id392;2024-01-22 04:55:07.000000 UTC;;4;Tool
id393;2024-01-22 04:56:52.000000 UTC;;3;Tool
id394;2024-01-22 04:57:00.000000 UTC;;4;Tool
id395;2024-01-22 04:57:10.000000 UTC;;3;Tool
id396;2024-01-22 04:57:19.000000 UTC;;4;Tool
id397;2024-01-22 04:58:06.000000 UTC;;1;Tool
id398;2024-01-22 04:58:25.000000 UTC;;1;Tool
id399;2024-01-22 07:00:33.000000 UTC;;2;Tool
id4;2024-01-22 04:01:06.000000 UTC;;C_144;Werkstückträger
id4;2024-01-22 07:27:10.000000 UTC;397.0;;Dauer
id4;2024-01-22 10:54:27.000000 UTC;;3;Tool
id40;2024-01-22 09:38:38.000000 UTC;;C_137;Werkstückträger
id40;2024-01-22 06:31:36.000000 UTC;;6;Tool
id400;2024-01-22 07:00:51.000000 UTC;;2;Tool
id401;2024-01-22 07:01:03.000000 UTC;;3;Tool
id402;2024-01-22 07:01:20.000000 UTC;;3;Tool
id403;2024-01-22 07:01:24.000000 UTC;;1;Tool
id404;2024-01-22 07:01:43.000000 UTC;;1;Tool
id405;2024-01-22 07:02:30.000000 UTC;;2;Tool
id406;2024-01-22 10:00:36.000000 UTC;;C_167;Werkstückträger
id406;2024-01-22 07:02:49.000000 UTC;;2;Tool
id407;2024-01-22 10:01:22.000000 UTC;;C_171;Werkstückträger
id407;2024-01-22 07:02:50.000000 UTC;;5;Tool
id408;2024-01-22 10:02:39.000000 UTC;;C_079;Werkstückträger
id408;2024-01-22 07:03:06.000000 UTC;;5;Tool
id409;2024-01-22 10:03:30.000000 UTC;;C_157;Werkstückträger
id409;2024-01-22 07:03:10.000000 UTC;;3;Tool
id41;2024-01-22 09:40:49.000000 UTC;;C_165;Werkstückträger
id41;2024-01-22 06:31:32.000000 UTC;;4;Tool
id410;2024-01-22 10:05:04.000000 UTC;;C_221;Werkstückträger
id410;2024-01-22 07:03:28.000000 UTC;;3;Tool
id411;2024-01-22 10:05:50.000000 UTC;;C_138;Werkstückträger
id411;2024-01-22 07:03:37.000000 UTC;;1;Tool
id412;2024-01-22 10:10:51.000000 UTC;;C_209;Werkstückträger
id412;2024-01-22 07:04:00.000000 UTC;;1;Tool
id413;2024-01-22 10:11:57.000000 UTC;;C_003;Werkstückträger
id413;2024-01-22 07:04:09.000000 UTC;;4;Tool
id414;2024-01-22 10:12:36.000000 UTC;;C_055;Werkstückträger
id414;2024-01-22 07:04:28.000000 UTC;;4;Tool
id415;2024-01-22 10:12:53.000000 UTC;;C_181;Werkstückträger
id415;2024-01-22 07:08:22.000000 UTC;;1;Tool
id416;2024-01-22 10:14:33.000000 UTC;;C_087;Werkstückträger
id416;2024-01-22 07:08:41.000000 UTC;;1;Tool
id417;2024-01-22 10:14:40.000000 UTC;;C_149;Werkstückträger
id417;2024-01-22 07:09:17.000000 UTC;;2;Tool
id418;2024-01-22 10:15:26.000000 UTC;;C_144;Werkstückträger
id418;2024-01-22 07:09:37.000000 UTC;;2;Tool
id419;2024-01-22 10:17:23.000000 UTC;;C_082;Werkstückträger
id419;2024-01-22 07:10:20.000000 UTC;;1;Tool
id42;2024-01-22 09:44:07.000000 UTC;;C_022;Werkstückträger
id42;2024-01-22 06:31:51.000000 UTC;;4;Tool
id420;2024-01-22 10:18:15.000000 UTC;;C_107;Werkstückträger
id420;2024-01-22 07:10:42.000000 UTC;;1;Tool
id421;2024-01-22 10:19:26.000000 UTC;;C_163;Werkstückträger
id421;2024-01-22 07:12:11.000000 UTC;;5;Tool
id422;2024-01-22 10:20:51.000000 UTC;;C_054;Werkstückträger
id422;2024-01-22 07:12:27.000000 UTC;;5;Tool
id423;2024-01-22 10:21:25.000000 UTC;;C_171;Werkstückträger
id423;2024-01-22 07:12:31.000000 UTC;;1;Tool
id424;2024-01-22 10:21:57.000000 UTC;;C_099;Werkstückträger
id424;2024-01-22 07:12:48.000000 UTC;;1;Tool
id425;2024-01-22 10:25:34.000000 UTC;;C_213;Werkstückträger
id425;2024-01-22 07:14:29.000000 UTC;;1;Tool
id426;2024-01-22 10:26:36.000000 UTC;;C_174;Werkstückträger
id426;2024-01-22 07:14:47.000000 UTC;;1;Tool
id427;2024-01-22 10:28:46.000000 UTC;;C_178;Werkstückträger
id427;2024-01-22 07:19:35.000000 UTC;;3;Tool
id428;2024-01-22 10:32:08.000000 UTC;;C_058;Werkstückträger
id428;2024-01-22 07:19:52.000000 UTC;;3;Tool
id429;2024-01-22 10:44:29.000000 UTC;;C_154;Werkstückträger
id429;2024-01-22 07:20:35.000000 UTC;;4;Tool
id43;2024-01-22 09:44:18.000000 UTC;;C_022;Werkstückträger
id43;2024-01-22 06:34:59.000000 UTC;;3;Tool
id430;2024-01-22 10:45:25.000000 UTC;;C_195;Werkstückträger
id430;2024-01-22 07:20:54.000000 UTC;;4;Tool
id431;2024-01-22 10:48:58.000000 UTC;;C_238;Werkstückträger
id431;2024-01-22 07:21:37.000000 UTC;;3;Tool
id432;2024-01-22 10:50:30.000000 UTC;;C_013;Werkstückträger
id432;2024-01-22 07:21:58.000000 UTC;;3;Tool
id433;2024-01-22 10:51:49.000000 UTC;;C_160;Werkstückträger
id433;2024-01-22 07:22:35.000000 UTC;;4;Tool
id434^;2024-01-22 10:58:08.000000 UTC;;C_129;Werkstückträger
id434;2024-01-22 07:22:54.000000 UTC;;4;Tool
id435;2024-01-22 10:59:15.000000 UTC;;C_113;Werkstückträger
id435;2024-01-22 07:23:50.000000 UTC;;3;Tool
id436;2024-01-22 10:59:52.000000 UTC;;C_148;Werkstückträger
id436;2024-01-22 07:24:12.000000 UTC;;3;Tool
id437;2024-01-22 07:25:28.000000 UTC;;1;Tool
id438;2024-01-22 03:02:32.000000 UTC;;C_218;Werkstückträger
id438;2024-01-22 07:25:47.000000 UTC;;1;Tool
id439;2024-01-22 03:10:05.000000 UTC;;C_205;Werkstückträger
id439;2024-01-22 07:24:46.000000 UTC;;4;Tool
id44;2024-01-22 09:45:08.000000 UTC;;C_053;Werkstückträger
id44;2024-01-22 06:35:16.000000 UTC;;3;Tool
id440;2024-01-22 03:11:21.000000 UTC;;C_221;Werkstückträger
id440;2024-01-22 07:30:15.000000 UTC;;1;Tool
id441;2024-01-22 03:12:30.000000 UTC;;C_006;Werkstückträger
id441;2024-01-22 07:30:33.000000 UTC;;1;Tool
id442;2024-01-22 03:14:36.000000 UTC;;C_157;Werkstückträger
id442;2024-01-22 07:30:27.000000 UTC;;3;Tool
id443;2024-01-22 03:15:26.000000 UTC;;C_127;Werkstückträger
id444;2024-01-22 03:16:09.000000 UTC;;C_026;Werkstückträger
id445;2024-01-22 03:16:55.000000 UTC;;C_209;Werkstückträger
id446;2024-01-22 03:19:17.000000 UTC;;C_194;Werkstückträger
id447;2024-01-22 03:28:23.000000 UTC;;C_132;Werkstückträger
id448;2024-01-22 03:30:15.000000 UTC;;C_223;Werkstückträger
id449;2024-01-22 03:33:05.000000 UTC;;C_038;Werkstückträger
id45;2024-01-22 09:45:19.000000 UTC;;C_053;Werkstückträger
id45;2024-01-22 06:35:58.000000 UTC;;4;Tool
id450;2024-01-22 03:39:42.000000 UTC;;C_231;Werkstückträger
id451;2024-01-22 03:40:50.000000 UTC;;C_199;Werkstückträger
id452;2024-01-22 03:41:43.000000 UTC;;C_003;Werkstückträger
id453;2024-01-22 03:42:47.000000 UTC;;C_073;Werkstückträger
id454;2024-01-22 03:50:12.000000 UTC;;C_048;Werkstückträger
id455;2024-01-22 03:51:35.000000 UTC;;C_174;Werkstückträger
id456;2024-01-22 03:52:56.000000 UTC;;C_054;Werkstückträger
id457;2024-01-22 03:58:17.000000 UTC;;C_122;Werkstückträger
id46;2024-01-22 09:46:46.000000 UTC;;C_038;Werkstückträger
id46;2024-01-22 06:36:17.000000 UTC;;4;Tool
id47;2024-01-22 09:46:57.000000 UTC;;C_038;Werkstückträger
id47;2024-01-22 06:36:52.000000 UTC;;5;Tool
id48;2024-01-22 09:47:47.000000 UTC;;C_066;Werkstückträger
id48;2024-01-22 06:37:08.000000 UTC;;5;Tool
id489;2024-01-22 11:04:16.000000 UTC;;C_137;Werkstückträger
id49;2024-01-22 09:47:58.000000 UTC;;C_066;Werkstückträger
id49;2024-01-22 06:37:02.000000 UTC;;3;Tool
id490;2024-01-22 11:04:42.000000 UTC;;C_165;Werkstückträger
id491;2024-01-22 11:21:39.000000 UTC;;C_066;Werkstückträger
id492;2024-01-22 11:21:48.000000 UTC;;C_026;Werkstückträger
id493;2024-01-22 11:22:31.000000 UTC;;C_046;Werkstückträger
id494;2024-01-22 11:23:06.000000 UTC;;C_153;Werkstückträger
id495;2024-01-22 11:24:12.000000 UTC;;C_006;Werkstückträger
id496;2024-01-22 11:28:15.000000 UTC;;C_240;Werkstückträger
id497;2024-01-22 11:28:34.000000 UTC;;C_171;Werkstückträger
id498;2024-01-22 11:28:54.000000 UTC;;C_159;Werkstückträger
id499;2024-01-22 11:29:30.000000 UTC;;C_249;Werkstückträger
id5 ;2024-01-22 04:01:57.000000 UTC;;C_019;Werkstückträger
id5;2024-01-22 07:57:02.000000 UTC;399.9;;Dauer
id5;2024-01-22 10:54:44.000000 UTC;;3;Tool
id50;2024-01-22 09:48:49.000000 UTC;;C_046;Werkstückträger
id50;2024-01-22 06:37:23.000000 UTC;;3;Tool
id500;2024-01-22 11:32:24.000000 UTC;;C_185;Werkstückträger
id501;2024-01-22 11:32:47.000000 UTC;;C_094;Werkstückträger
id502;2024-01-22 11:34:46.000000 UTC;;C_221;Werkstückträger
id503;2024-01-22 11:35:49.000000 UTC;;C_027;Werkstückträger
id504;2024-01-22 11:36:42.000000 UTC;;C_127;Werkstückträger
id505;2024-01-22 11:36:52.000000 UTC;;C_031;Werkstückträger
id506;2024-01-22 11:37:09.000000 UTC;;C_167;Werkstückträger
id507;2024-01-22 11:37:47.000000 UTC;;C_096;Werkstückträger
id508;2024-01-22 11:38:37.000000 UTC;;C_138;Werkstückträger
id509;2024-01-22 11:48:53.000000 UTC;;C_209;Werkstückträger
id51;2024-01-22 09:49:01.000000 UTC;;C_046;Werkstückträger
id51;2024-01-22 06:37:57.000000 UTC;;4;Tool
id510;2024-01-22 11:49:01.000000 UTC;;C_157;Werkstückträger
id511;2024-01-22 11:49:39.000000 UTC;;C_055;Werkstückträger
id512;2024-01-22 11:50:17.000000 UTC;;C_003;Werkstückträger
id513;2024-01-22 11:51:27.000000 UTC;;C_022;Werkstückträger
id514;2024-01-22 11:52:03.000000 UTC;;C_224;Werkstückträger
id52;2024-01-22 09:49:25.000000 UTC;;C_139;Werkstückträger
id52;2024-01-22 06:38:16.000000 UTC;;4;Tool
id53;2024-01-22 09:49:37.000000 UTC;;C_139;Werkstückträger
id53;2024-01-22 06:38:58.000000 UTC;;5;Tool
id54;2024-01-22 09:49:42.000000 UTC;;C_006;Werkstückträger
id54;2024-01-22 06:39:14.000000 UTC;;5;Tool
id55;2024-01-22 09:50:51.000000 UTC;;C_159;Werkstückträger
id55;2024-01-22 06:39:15.000000 UTC;;3;Tool
id56;2024-01-22 09:51:45.000000 UTC;;C_220;Werkstückträger
id56;2024-01-22 06:39:36.000000 UTC;;3;Tool
id57;2024-01-22 09:52:55.000000 UTC;;C_185;Werkstückträger
id57;2024-01-22 06:40:11.000000 UTC;;4;Tool
id58;2024-01-22 09:53:45.000000 UTC;;C_240;Werkstückträger
id58;2024-01-22 06:40:30.000000 UTC;;4;Tool
id59;2024-01-22 09:54:58.000000 UTC;;C_153;Werkstückträger
id59;2024-01-22 06:41:28.000000 UTC;;3;Tool
id6;2024-01-22 04:07:57.000000 UTC;;C_081;Werkstückträger
id6;2024-01-22 10:54:25.000000 UTC;391.0;;Dauer
id6;2024-01-22 10:54:56.000000 UTC;;1;Tool
id60;2024-01-22 09:56:14.000000 UTC;;C_146;Werkstückträger
id60;2024-01-22 06:41:48.000000 UTC;;3;Tool
id61;2024-01-22 09:57:45.000000 UTC;;C_094;Werkstückträger
id61;2024-01-22 06:42:33.000000 UTC;;5;Tool
id62;2024-01-22 09:58:35.000000 UTC;;C_127;Werkstückträger
id62;2024-01-22 06:42:49.000000 UTC;;5;Tool
id63;2024-01-22 09:59:19.000000 UTC;;C_188;Werkstückträger
id63;2024-01-22 06:43:41.000000 UTC;;3;Tool
id637;2024-01-22 08:02:54.000000 UTC;;C_167;Werkstückträger
id638;2024-01-22 08:03:04.000000 UTC;;C_167;Werkstückträger
id639;2024-01-22 08:07:39.000000 UTC;;C_087;Werkstückträger
id64;2024-01-22 02:00:11.000000 UTC;;C_021;Werkstückträger
id64;2024-01-22 06:43:59.000000 UTC;;3;Tool
id640;2024-01-22 08:07:49.000000 UTC;;C_087;Werkstückträger
id641;2024-01-22 08:10:26.000000 UTC;;C_022;Werkstückträger
id642;2024-01-22 08:12:24.000000 UTC;;C_027;Werkstückträger
id643;2024-01-22 08:12:34.000000 UTC;;C_027;Werkstückträger
id644;2024-01-22 08:16:36.000000 UTC;;C_013;Werkstückträger
id645;2024-01-22 08:16:46.000000 UTC;;C_013;Werkstückträger
id646;2024-01-22 08:18:39.000000 UTC;;C_053;Werkstückträger
id647;2024-01-22 08:18:49.000000 UTC;;C_053;Werkstückträger
id648;2024-01-22 08:20:16.000000 UTC;;C_231;Werkstückträger
id649;2024-01-22 08:21:50.000000 UTC;;C_038;Werkstückträger
id65;2024-01-22 02:02:11.000000 UTC;;C_048;Werkstückträger
id65;2024-01-22 06:44:18.000000 UTC;;4;Tool
id650;2024-01-22 08:22:00.000000 UTC;;C_038;Werkstückträger
id651;2024-01-22 08:24:15.000000 UTC;;C_178;Werkstückträger
id652;2024-01-22 08:25:13.000000 UTC;;C_220;Werkstückträger
id653;2024-01-22 08:25:45.000000 UTC;;C_082;Werkstückträger
id654;2024-01-22 08:28:43.000000 UTC;;C_240;Werkstückträger
id655;2024-01-22 08:28:53.000000 UTC;;C_240;Werkstückträger
id656;2024-01-22 08:31:54.000000 UTC;;C_161;Werkstückträger
id657;2024-01-22 08:32:05.000000 UTC;;C_161;Werkstückträger
id658;2024-01-22 08:32:27.000000 UTC;;C_161;Werkstückträger
id659;2024-01-22 08:33:20.000000 UTC;;C_153;Werkstückträger
id66;2024-01-22 02:03:55.000000 UTC;;C_003;Werkstückträger
id66;2024-01-22 06:44:37.000000 UTC;;4;Tool
id660;2024-01-22 08:33:59.000000 UTC;;C_146;Werkstückträger
id661;2024-01-22 08:34:09.000000 UTC;;C_146;Werkstückträger
id662;2024-01-22 08:34:38.000000 UTC;;C_127;Werkstückträger
id663;2024-01-22 08:36:05.000000 UTC;;C_188;Werkstückträger
id664;2024-01-22 08:38:02.000000 UTC;;C_171;Werkstückträger
id665;2024-01-22 08:38:12.000000 UTC;;C_171;Werkstückträger
id666;2024-01-22 08:38:33.000000 UTC;;C_171;Werkstückträger
id667;2024-01-22 08:39:19.000000 UTC;;C_221;Werkstückträger
id668;2024-01-22 08:39:29.000000 UTC;;C_221;Werkstückträger
id669;2024-01-22 08:41:06.000000 UTC;;C_157;Werkstückträger
id67;2024-01-22 02:06:04.000000 UTC;;C_073;Werkstückträger
id67;2024-01-22 06:45:49.000000 UTC;;3;Tool
id670;2024-01-22 08:42:23.000000 UTC;;C_221;Werkstückträger
id671;2024-01-22 08:46:17.000000 UTC;;C_249;Werkstückträger
id672;2024-01-22 08:46:27.000000 UTC;;C_249;Werkstückträger
id673;2024-01-22 08:49:32.000000 UTC;;C_209;Werkstückträger
id674;2024-01-22 08:49:42.000000 UTC;;C_209;Werkstückträger
id675;2024-01-22 08:52:13.000000 UTC;;C_055;Werkstückträger
id676;2024-01-22 08:52:23.000000 UTC;;C_055;Werkstückträger
id677;2024-01-22 08:53:38.000000 UTC;;C_149;Werkstückträger
id678;2024-01-22 08:53:48.000000 UTC;;C_149;Werkstückträger
id679;2024-01-22 08:55:53.000000 UTC;;C_144;Werkstückträger
id68;2024-01-22 02:16:19.000000 UTC;;C_054;Werkstückträger
id68;2024-01-22 06:46:07.000000 UTC;;3;Tool
id680;2024-01-22 08:56:04.000000 UTC;;C_144;Werkstückträger
id681;2024-01-22 08:56:28.000000 UTC;;C_107;Werkstückträger
id682;2024-01-22 08:57:45.000000 UTC;;C_163;Werkstückträger
id683;2024-01-22 08:57:56.000000 UTC;;C_163;Werkstückträger
id684;2024-01-22 08:58:32.000000 UTC;;C_054;Werkstückträger
id685;2024-01-22 08:58:43.000000 UTC;;C_054;Werkstückträger
id69;2024-01-22 02:17:43.000000 UTC;;C_019;Werkstückträger
id69;2024-01-22 06:47:51.000000 UTC;;5;Tool
id7;2024-01-22 04:23:32.000000 UTC;;C_110;Werkstückträger
id7;2024-01-22 10:56:13.000000 UTC;399.9;;Dauer
id7;2024-01-22 10:55:19.000000 UTC;;1;Tool
id70;2024-01-22 02:18:55.000000 UTC;;C_042;Werkstückträger
id70;2024-01-22 06:48:07.000000 UTC;;5;Tool
id71;2024-01-22 02:20:03.000000 UTC;;C_120;Werkstückträger
id71;2024-01-22 06:49:12.000000 UTC;;3;Tool
id72;2024-01-22 02:24:20.000000 UTC;;C_046;Werkstückträger
id72;2024-01-22 06:49:30.000000 UTC;;3;Tool
id720;2024-01-22 06:01:14.000000 UTC;;C_054;Werkstückträger
id721;2024-01-22 06:03:36.000000 UTC;;C_046;Werkstückträger
id722;2024-01-22 06:04:25.000000 UTC;;C_138;Werkstückträger
id723;2024-01-22 06:05:22.000000 UTC;;C_038;Werkstückträger
id724;2024-01-22 06:06:24.000000 UTC;;C_107;Werkstückträger
id725;2024-01-22 06:21:06.000000 UTC;;C_026;Werkstückträger
id726;2024-01-22 06:22:03.000000 UTC;;C_218;Werkstückträger
id727;2024-01-22 06:27:32.000000 UTC;;C_048;Werkstückträger
id728;2024-01-22 06:28:48.000000 UTC;;C_194;Werkstückträger
id729;2024-01-22 06:30:12.000000 UTC;;C_167;Werkstückträger
id73;2024-01-22 02:25:26.000000 UTC;;C_174;Werkstückträger
id73;2024-01-22 06:51:26.000000 UTC;;4;Tool
id730;2024-01-22 06:31:15.000000 UTC;;C_027;Werkstückträger
id731;2024-01-22 06:32:48.000000 UTC;;C_174;Werkstückträger
id732;2024-01-22 06:41:58.000000 UTC;;C_022;Werkstückträger
id733;2024-01-22 06:43:46.000000 UTC;;C_249;Werkstückträger
id734;2024-01-22 06:48:48.000000 UTC;;C_209;Werkstückträger
id735;2024-01-22 06:49:34.000000 UTC;;C_122;Werkstückträger
id736;2024-01-22 06:51:09.000000 UTC;;C_019;Werkstückträger
id737;2024-01-22 01:00:40.000000 UTC;;C_026;Werkstückträger
id738;2024-01-22 01:03:26.000000 UTC;;C_122;Werkstückträger
id739;2024-01-22 01:04:50.000000 UTC;;C_238;Werkstückträger
id74;2024-01-22 02:27:40.000000 UTC;;C_087;Werkstückträger
id74;2024-01-22 06:51:45.000000 UTC;;4;Tool
id740;2024-01-22 01:05:57.000000 UTC;;C_209;Werkstückträger
id741;2024-01-22 01:06:43.000000 UTC;;C_040;Werkstückträger
id742;2024-01-22 01:08:16.000000 UTC;;C_078;Werkstückträger
id743;2024-01-22 01:09:00.000000 UTC;;C_223;Werkstückträger
id744;2024-01-22 01:09:48.000000 UTC;;C_132;Werkstückträger
id745;2024-01-22 01:10:36.000000 UTC;;C_058;Werkstückträger
id746;2024-01-22 01:16:39.000000 UTC;;C_184;Werkstückträger
id747;2024-01-22 01:17:21.000000 UTC;;C_249;Werkstückträger
id748;2024-01-22 01:18:49.000000 UTC;;C_027;Werkstückträger
id749;2024-01-22 01:19:17.000000 UTC;;C_230;Werkstückträger
id75;2024-01-22 02:28:44.000000 UTC;;C_122;Werkstückträger
id75;2024-01-22 06:52:23.000000 UTC;;3;Tool
id750;2024-01-22 01:20:34.000000 UTC;;C_148;Werkstückträger
id751;2024-01-22 01:24:00.000000 UTC;;C_022;Werkstückträger
id752;2024-01-22 01:25:33.000000 UTC;;C_224;Werkstückträger
id753;2024-01-22 01:28:17.000000 UTC;;C_138;Werkstückträger
id754;2024-01-22 01:29:35.000000 UTC;;C_106;Werkstückträger
id755;2024-01-22 01:30:13.000000 UTC;;C_218;Werkstückträger
id756;2024-01-22 01:31:01.000000 UTC;;C_107;Werkstückträger
id757;2024-01-22 01:32:20.000000 UTC;;C_205;Werkstückträger
id758;2024-01-22 01:33:43.000000 UTC;;C_006;Werkstückträger
id759;2024-01-22 01:34:44.000000 UTC;;C_157;Werkstückträger
id76;2024-01-22 02:29:59.000000 UTC;;C_144;Werkstückträger
id76;2024-01-22 06:52:41.000000 UTC;;3;Tool
id760;2024-01-22 01:36:03.000000 UTC;;C_127;Werkstückträger
id761;2024-01-22 01:37:08.000000 UTC;;C_110;Werkstückträger
id762;2024-01-22 01:38:14.000000 UTC;;C_167;Werkstückträger
id763;2024-01-22 01:39:38.000000 UTC;;C_221;Werkstückträger
id764;2024-01-22 01:41:20.000000 UTC;;C_188;Werkstückträger
id765;2024-01-22 01:41:26.000000 UTC;;C_038;Werkstückträger
id766;2024-01-22 01:43:26.000000 UTC;;C_038;Werkstückträger
id767;2024-01-22 01:48:53.000000 UTC;;C_041;Werkstückträger
id768;2024-01-22 01:51:28.000000 UTC;;C_182;Werkstückträger
id769;2024-01-22 01:52:38.000000 UTC;;C_231;Werkstückträger
id77;2024-01-22 02:32:42.000000 UTC;;C_040;Werkstückträger
id77;2024-01-22 06:53:04.000000 UTC;;5;Tool
id770;2024-01-22 01:54:37.000000 UTC;;C_093;Werkstückträger
id771;2024-01-22 01:56:01.000000 UTC;;C_062;Werkstückträger
id772;2024-01-22 01:57:03.000000 UTC;;C_150;Werkstückträger
id773;2024-01-22 01:58:06.000000 UTC;;C_011;Werkstückträger
id774;2024-01-22 01:59:12.000000 UTC;;C_199;Werkstückträger
id78;2024-01-22 02:35:14.000000 UTC;;C_078;Werkstückträger
id78;2024-01-22 06:53:20.000000 UTC;;5;Tool
id79;2024-01-22 02:39:32.000000 UTC;;C_058;Werkstückträger
id79;2024-01-22 06:54:00.000000 UTC;;6;Tool
id8;2024-01-22 04:26:26.000000 UTC;;C_093;Werkstückträger
id8;2024-01-22 06:50:59.000000 UTC;399.9;;Dauer
id8;2024-01-22 06:00:33.000000 UTC;;2;Tool
id80;2024-01-22 02:41:18.000000 UTC;;C_184;Werkstückträger
id80;2024-01-22 06:54:18.000000 UTC;;6;Tool
id81;2024-01-22 02:41:59.000000 UTC;;C_171;Werkstückträger
id81;2024-01-22 06:54:40.000000 UTC;;3;Tool
id82;2024-01-22 02:42:07.000000 UTC;;C_249;Werkstückträger
id82;2024-01-22 06:54:58.000000 UTC;;3;Tool
id83;2024-01-22 02:43:01.000000 UTC;;C_081;Werkstückträger
id83;2024-01-22 06:55:02.000000 UTC;;5;Tool
id84;2024-01-22 02:46:12.000000 UTC;;C_148;Werkstückträger
id84;2024-01-22 06:55:24.000000 UTC;;5;Tool
id85;2024-01-22 02:47:34.000000 UTC;;C_022;Werkstücktraeger
id85;2024-01-22 06:55:56.000000 UTC;;4;Tool
id86;2024-01-22 02:57:17.000000 UTC;;C_107;Werkstückträger
id86;2024-01-22 06:56:14.000000 UTC;;4;Tool
id87;2024-01-22 02:58:25.000000 UTC;;C_032;Werkstückträger
id87;2024-01-22 06:56:47.000000 UTC;;3;Tool
id88;2024-01-22 10:00:36.000000 UTC;;C_167;Werkstückträger
id88;2024-01-22 06:57:08.000000 UTC;;3;Tool
id89;2024-01-22 10:01:22.000000 UTC;;C_171;Werkstückträger
id89;2024-01-22 06:57:31.000000 UTC;;5;Tool
id9;2024-01-22 04:29:21.000000 UTC;;C_171;Werkstückträger
id9;2024-01-22 06:56:57.000000 UTC;397.2;;Dauer
id9;2024-01-22 06:00:51.000000 UTC;;2;Tool
id90;2024-01-22 10:02:39.000000 UTC;;C_079;Werkstückträger
id90;2024-01-22 06:57:47.000000 UTC;;5;Tool
id908;2024-01-22 12:08:53.000000 UTC;;C_082;Werkstückträger
id909;2024-01-22 12:15:30.000000 UTC;;C_213;Werkstückträger
id91;2024-01-22 10:03:30.000000 UTC;;C_157;Werkstückträger
id91;2024-01-22 06:58:59.000000 UTC;;3;Tool
id910;2024-01-22 12:17:26.000000 UTC;;C_163;Werkstückträger
id911;2024-01-22 12:18:02.000000 UTC;;C_178;Werkstückträger
id912;2024-01-22 12:34:19.000000 UTC;;C_054;Werkstückträger
id913;2024-01-22 12:34:47.000000 UTC;;C_144;Werkstückträger
id914;2024-01-22 12:35:23.000000 UTC;;C_174;Werkstückträger
id915;2024-01-22 12:36:10.000000 UTC;;C_149;Werkstückträger
id916;2024-01-22 12:36:52.000000 UTC;;C_058;Werkstückträger
id917;2024-01-22 12:38:06.000000 UTC;;C_242;Werkstückträger
id918;2024-01-22 12:38:43.000000 UTC;;C_087;Werkstückträger
id919;2024-01-22 12:39:19.000000 UTC;;C_079;Werkstückträger
id92;2024-01-22 10:05:04.000000 UTC;;C_221;Werkstückträger
id92;2024-01-22 06:59:17.000000 UTC;;3;Tool
id920;2024-01-22 12:40:43.000000 UTC;;C_181;Werkstückträger
id921;2024-01-22 12:41:15.000000 UTC;;C_160;Werkstückträger
id922;2024-01-22 12:41:57.000000 UTC;;C_231;Werkstückträger
id923;2024-01-22 12:43:14.000000 UTC;;C_146;Werkstückträger
id924;2024-01-22 12:43:29.000000 UTC;;C_188;Werkstückträger
id925;2024-01-22 12:44:08.000000 UTC;;C_220;Werkstückträger
id926;2024-01-22 12:44:45.000000 UTC;;C_129;Werkstückträger
id927;2024-01-22 12:45:18.000000 UTC;;C_171;Werkstückträger
id928;2024-01-22 12:49:07.000000 UTC;;C_099;Werkstückträger
id929;2024-01-22 12:49:45.000000 UTC;;C_053;Werkstückträger
id93;2024-01-22 10:05:50.000000 UTC;;C_138;Werkstückträger
id93;2024-01-22 00:06:13.000000 UTC;;4;Tool
id930;2024-01-22 12:50:23.000000 UTC;;C_148;Werkstückträger
id931;2024-01-22 12:51:54.000000 UTC;;C_038;Werkstückträger
id932;2024-01-22 12:52:17.000000 UTC;;C_73;Werkstückträger
id933;2024-01-22 12:52:59.000000 UTC;;C_113;Werkstückträger
id934;2024-01-22 12:53:12.000000 UTC;;C_243;Werkstückträger
id935;2024-01-22 12:53:58.000000 UTC;;C_204;Werkstückträger
id936;2024-01-22 12:55:16.000000 UTC;;C_019;Werkstückträger
id937;2024-01-22 12:55:59.000000 UTC;;C_131;Werkstückträger
id938;2024-01-22 12:56:08.000000 UTC;;C_122;Werkstückträger
id939;2024-01-22 12:56:45.000000 UTC;;C_128;Werkstückträger
id94;2024-01-22 10:10:51.000000 UTC;;C_209;Werkstückträger
id94;2024-01-22 00:06:32.000000 UTC;;4;Tool
id940;2024-01-22 12:57:37.000000 UTC;;C_223;Werkstückträger
id941;2024-01-22 07:07:58.000000 UTC;;C_238;Werkstückträger
id942;2024-01-22 07:12:00.000000 UTC;;C_093;Werkstückträger
id943;2024-01-22 07:12:58.000000 UTC;;C_221;Werkstückträger
id944;2024-01-22 07:13:38.000000 UTC;;C_157;Werkstückträger
id945;2024-01-22 07:30:38.000000 UTC;;C_079;Werkstückträger
id946;2024-01-22 07:32:27.000000 UTC;;C_132;Werkstückträger
id947;2024-01-22 07:35:44.000000 UTC;;C_144;Werkstückträger
id948;2024-01-22 07:39:42.000000 UTC;;C_054;Werkstückträger
id949;2024-01-22 07:40:44.000000 UTC;;C_046;Werkstückträger
id95;2024-01-22 10:11:57.000000 UTC;;C_003;Werkstückträger
id95;2024-01-22 00:12:49.000000 UTC;;3;Tol
id950;2024-01-22 07:43:00.000000 UTC;;C_113;Werkstückträger
id951;2024-01-22 07:46:55.000000 UTC;;C_199;Werkstückträger
id952;2024-01-22 07:48:24.000000 UTC;;C_073;Werkstückträger
id96;2024-01-22 10:12:36.000000 UTC;;C_055;Werkstückträger
id96;2024-01-22 00:13:06.000000 UTC;;3;Tool
id97;2024-01-22 10:12:53.000000 UTC;;C_181;Werkstückträger
id97;2024-01-22 00:16:30.000000 UTC;;5;Tool
id98;2024-01-22 10:14:33.000000 UTC;;C_087;Werkstückträger
id98;2024-01-22 00:16:46.000000 UTC;;5;Tool
id99;2024-01-22 10:14:40.000000 UTC;;C_149;Werkstückträger
id99;2024-01-22 00:21:02.000000 UTC;;2;Tool
id1;;;OK;Ergebnis
id2;;;OK;Ergebnis
id3;;;OK;Ergebnis
id4;;;OK;Ergebnis
id5;;;OK;Ergebnis
id6;;;OK;Ergebnis
id7;;;OK;Ergebnis
id8;;;OK;Ergebnis
id9;;;OK;Ergebnis
id10;;;OK;Ergebnis
id11;;;OK;Ergebnis
id12;;;OK;Ergebnis
id13;;;OK;Ergebnis
id14;;;OK;Ergebnis
id15;;;OK;Ergebnis
id16;;;OK;Ergebnis
id17;;;OK;Ergebnis
id18;;;OK;Ergebnis
id19;;;OK;Ergebnis
id20;;;OK;Ergebnis
id21;;;OK;Ergebnis
id22;;;OK;Ergebnis
id23;;;OK;Ergebnis
id24;;;OK;Ergebnis
id25;;;OK;Ergebnis
id26;;;OK;Ergebnis
id27;;;NOK;Ergebnis
id28;;;OK;Ergebnis
id29;;;OK;Ergebnis
id30;;;OK;Ergebnis
id31;;;OK;Ergebnis
id32;;;OK;Ergebnis
id33;;;OK;Ergebnis
id34;;;OK;Ergebnis
id35;;;OK;Ergebnis
id36;;;OK;Ergebnis
id37;;;OK;Ergebnis
id38;;;OK;Ergebnis
id39;;;OK;Ergebnis
id40;;;OK;Ergebnis
id41;;;OK;Ergebnis
id42;;;OK;Ergebnis
id43;;;OK;Ergebnis
id44;;;OK;Ergebnis
id45;;;OK;Ergebnis
id46;;;OK;Ergebnis
id47;;;OK;Ergebnis
id48;;;OK;Ergebnis
id49;;;OK;Ergebnis
id50;;;OK;Ergebnis
id51;;;OK;Ergebnis
id52;;;OK;Ergebnis
id53;;;OK;Ergebnis
id54;;;OK;Ergebnis
id55;;;OK;Ergebnis
id56;;;OK;Ergebnis
id57;;;OK;Ergebnis
id58;;;OK;Ergebnis
id59;;;OK;Ergebnis
id60;;;OK;Ergebnis
id61;;;OK;Ergebnis
id62;;;OK;Ergebnis
id63;;;OK;Ergebnis
id64;;;OK;Ergebnis
id65;;;OK;Ergebnis
id66;;;OK;Ergebnis
id67;;;OK;Ergebnis
id68;;;OK;Ergebnis
id69;;;OK;Ergebnis
id70;;;OK;Ergebnis
id71;;;OK;Ergebnis
id72;;;OK;Ergebnis
id73;;;OK;Ergebnis
id74;;;OK;Ergebnis
id75;;;OK;Ergebnis
id76;;;OK;Ergebnis
id77;;;OK;Ergebnis
id78;;;OK;Ergebnis
id79;;;OK;Ergebnis
id80;;;OK;Ergebnis
id81;;;OK;Ergebnis
id82;;;OK;Ergebnis
id83;;;OK;Ergebnis
id84;;;OK;Ergebnis
id85;;;OK;Ergebnis
id86;;;OK;Ergebnis
id87;;;OK;Ergebnis
id88;;;OK;Ergebnis
id89;;;OK;Ergebnis
id90;;;WORKER NOK;Ergebnis
id91;;;OK;Ergebnis
id92;;;OK;Ergebnis
id93;;;OK;Ergebnis
id94;;;OK;Ergebnis
id95;;;OK;Ergebnis
id96;;;OK;Ergebnis
id97;;;OK;Ergebnis
id98;;;OK;Ergebnis
id99;;;OK;Ergebnis
id100;;;OK;Ergebnis
id101;;;OK;Ergebnis
id102;;;OK;Ergebnis
id103;;;OK;Ergebnis
id104;;;OK;Ergebnis
id105;;;OK;Ergebnis
id106;;;OK;Ergebnis
id107;;;OK;Ergebnis
id108;;;OK;Ergebnis
id109;;;OK;Ergebnis
id110;;;OK;Ergebnis
id111;;;OK;Ergebnis
id112;;;OK;Ergebnis
id113;;;OK;Ergebnis
id114;;;OK;Ergebnis
id115;;;OK;Ergebnis
id116;;;OK;Ergebnis
id117;;;OK;Ergebnis
id118;;;OK;Ergebnis
id119;;;OK;Ergebnis
id120;;;OK;Ergebnis
id121;;;OK;Ergebnis
id122;;;OK;Ergebnis
id123;;;OK;Ergebnis
id124;;;OK;Ergebnis
id125;;;OK;Ergebnis
id126;;;OK;Ergebnis
id127;;;OK;Ergebnis
id128;;;OK;Ergebnis
id129;;;OK;Ergebnis
id130;;;OK;Ergebnis
id131;;;OK;Ergebnis
id132;;;OK;Ergebnis
id133;;;OK;Ergebnis
id134;;;OK;Ergebnis
id135;;;NOK%;Ergebnis
id136;;;OK;Ergebnis
id137;;;OK;Ergebnis
id138;;;OK;Ergebnis
id139;;;OK;Ergebnis
id140;;;OK;Ergebnis
id141;;;OK;Ergebnis
id142;;;OK;Ergebnis
id143;;;OK;Ergebnis
id144;;;OK;Ergebnis
id145;;;OK;Ergebnis
id146;;;OK;Ergebnis
id147;;;OK;Ergebnis
id148;;;OK;Ergebnis
id149;;;OK;Ergebnis
id150;;;OK;Ergebnis
id151;;;OK;Ergebnis
id152;;;OK;Ergebnis
id153;;;OK;Ergebnis
id154;;;OK;Ergebnis
id155;;;OK;Ergebnis
id156;;;OK;Ergebnis
id157;;;OK;Ergebnis
id158;;;OK;Ergebnis
id159;;;OK;Ergebnis
id160;;;OK;Ergebnis
id161;;;OK;Ergebnis
id162;;;OK;Ergebnis
id163;;;OK;Ergebnis
id164;;;OK;Ergebnis
id165;;;OK;Ergebnis
id166;;;OK;Ergebnis
id167;;;OK;Ergebnis
id168;;;OK;Ergebnis
id169;;;OK;Ergebnis
id170;;;OK;Ergebnis
id171;;;OK;Ergebnis
id172;;;OK;Ergebnis
id173;;;OK;Ergebnis
id174;;;OK;Ergebnis
id175;;;OK;Ergebnis
id176;;;OK;Ergebnis
id177;;;OK;Ergebnis
id178;;;OK;Ergebnis
id179;;;OK;Ergebnis
id180;;;OK;Ergebnis
id181;;;OK;Ergebnis
id182;;;OK;Ergebnis
id183;;;OK;Ergebnis
id184;;;OK;Ergebnis
id185;;;OK;Ergebnis
id186;;;OK;Ergebnis
id187;;;OK;Ergebnis
id188;;;OK;Ergebnis
id189;;;OK;Ergebnis
id190;;;OK;Ergebnis
id191;;;OK;Ergebnis
id192;;;OK;Ergebnis
id193;;;OK;Ergebnis
id194;;;OK;Ergebnis
id195;;;OK;Ergebnis
id196;;;OK;Ergebnis
id197;;;OK;Ergebnis
id198;;;OK;Ergebnis
id199;;;OK;Ergebnis
id200;;;OK;Ergebnis
id201;;;OK;Ergebnis
id202;;;OK;Ergebnis
id203;;;OK;Ergebnis
id204;;;OK;Ergebnis
id205;;;OK;Ergebnis
id206;;;OK;Ergebnis
id207;;;NOK;Ergebnis
id208;;;OK;Ergebnis
id209;;;OK;Ergebnis
id210;;;OK;Ergebnis
id211;;;OK;Ergebnis
id212;;;OK;Ergebnis
id213;;;OK;Ergebnis
id214;;;OK;Ergebnis
id215;;;OK;Ergebnis
id216;;;OK;Ergebnis
id217;;;OK;Ergebnis
id218;;;OK;Ergebnis
id219;;;OK;Ergebnis
id220;;;OK;Ergebnis
id221;;;OK;Ergebnis
id222;;;OK;Ergebnis
id223;;;OK;Ergebnis
id224;;;OK;Ergebnis
id225;;;OK;Ergebnis
id226;;;OK;Ergebnis
id227;;;OK;Ergebnis
id228;;;OK;Ergebnis
id229;;;OK;Ergebnis
id230;;;OK;Ergebnis
id231;;;OK;Ergebnis
id232;;;OK;Ergebnis
id233;;;OK;Ergebnis
id234;;;OK;Ergebnis
id235;;;OK;Ergebnis
id236;;;OK;Ergebnis
id237;;;OK;Ergebnis
id238;;;OK;Ergebnis
id239;;;OK;Ergebnis
id240;;;OK;Ergebnis
id241;;;OK;Ergebnis
id242;;;OK;Ergebnis
id243;;;WORKER OK;Ergebnis
id244;;;NOK;Ergebnis
id245;;;OK;Ergebnis
id246;;;OK;Ergebnis
id247;;;OK;Ergebnis
id248;;;OK;Ergebnis
id249;;;OK;Ergebnis
id250;;;OK;Ergebnis
id251;;;OK;Ergebnis
id252;;;OK;Ergebnis
id253;;;OK;Ergebnis
id254;;;OK;Ergebnis
id255;;;OK;Ergebnis
id256;;;OK;Ergebnis
id257;;;OK;Ergebnis
id258;;;OK;Ergebnis
id259;;;OK;Ergebnis
id260;;;OK;Ergebnis
id261;;;OK;Ergebnis
id262;;;OK;Ergebnis
id263;;;OK;Ergebnis
id264;;;OK;Ergebnis
id265;;;OK;Ergebnis
id266;;;OK;Ergebnis
id267;;;OK;Ergebnis
id268;;;OK;Ergebnis
id269;;;OK;Ergebnis
id270;;;OK;Ergebnis
id271;;;OK;Ergebnis
id272;;;OK;Ergebnis
id273;;;OK;Ergebnis
id274;;;OK;Ergebnis
id275;;;OK;Ergebnis
id276;;;OK;Ergebnis
id277;;;OK;Ergebnis
id278;;;OK;Ergebnis
id279;;;OK;Ergebnis
id280;;;OK;Ergebnis
id281;;;OK;Ergebnis
id282;;;OK;Ergebnis
id283;;;OK;Ergebnis
id284;;;OK;Ergebnis
id285;;;OK;Ergebnis
id286;;;OK;Ergebnis
id287;;;OK;Ergebnis
id288;;;OK;Ergebnis
id289;;;OK;Ergebnis
id290;;;OK;Ergebnis
id291;;;OK;Ergebnis
id292;;;OK;Ergebnis
id293;;;OK;Ergebnis
id294;;;OK;Ergebnis
id295;;;OK;Ergebnis
id296;;;OK;Ergebnis
id297;;;OK;Ergebnis
id298;;;OK;Ergebnis
id299;;;OK;Ergebnis
id300;;;OK;Ergebnis
id301;;;OK;Ergebnis
id302;;;OK;Ergebnis
id303;;;NOK;Ergebnis
id304;;;OK;Ergebnis
id305;;;OK;Ergebnis
id306;;;OK;Ergebnis
id307;;;OK;Ergebnis
id308;;;OK;Ergebnis
id309;;;OK;Ergebnis
id310;;;OK;Ergebnis
id311;;;OK;Ergebnis
id312;;;OK;Ergebnis
id313;;;OK;Ergebnis
id314;;;OK;Ergebnis
id315;;;OK;Ergebnis
id316;;;OK;Ergebnis
id317;;;OK;Ergebnis
id318;;;OK;Ergebnis
id319;;;OK;Ergebnis
id320;;;OK;Ergebnis
id321;;;OK;Ergebnis
id322;;;OK;Ergebnis
id323;;;OK;Ergebnis
id324;;;OK;Ergebnis
id325;;;OK;Ergebnis
id326;;;OK;Ergebnis
id327;;;OK;Ergebnis
id328;;;OK;Ergebnis
id329;;;OK;Ergebnis
id330;;;OK;Ergebnis
id331;;;OK;Ergebnis
id332;;;OK;Ergebnis
id333;;;OK;Ergebnis
id334;;;OK;Ergebnis
id335;;;OK;Ergebnis
id336;;;OK;Ergebnis
id337;;;OK;Ergebnis
id338;;;OK;Ergebnis
id339;;;OK;Ergebnis
id340;;;OK;Ergebnis
id341;;;OK;Ergebnis
id342;;;OK;Ergebnis
id343;;;OK;Ergebnis
id344;;;OK;Ergebnis
id345;;;OK;Ergebnis
id346;;;OK;Ergebnis
id347;;;OK;Ergebnis
id348;;;OK;Ergebnis
id349;;;OK;Ergebnis
id350;;;OK;Ergebnis
id351;;;OK;Ergebnis
id352;;;OK;Ergebnis
id353;;;OK;Ergebnis
id354;;;OK;Ergebnis
id355;;;OK;Ergebnis
id356;;;OK;Ergebnis
id357;;;OK;Ergebnis
id358;;;OK;Ergebnis
id359;;;OK;Ergebnis
id360;;;OK;Ergebnis
id361;;;OK;Ergebnis
id362;;;OK;Ergebnis
id363;;;OK;Ergebnis
id364;;;OK;Ergebnis
id365;;;OK;Ergebnis
id366;;;OK;Ergebnis
id367;;;NOK;Ergebnis
id368;;;OK;Ergebnis
id369;;;OK;Ergebnis
id370;;;OK;Ergebnis
id371;;;OK;Ergebnis
id372;;;OK;Ergebnis
id373;;;OK;Ergebnis
id374;;;OK;Ergebnis
id375;;;OK;Ergebnis
id376;;;OK;Ergebnis
id377;;;OK;Ergebnis
id378;;;OK;Ergebnis
id379;;;OK;Ergebnis
id380;;;OK;Ergebnis
id381;;;OK;Ergebnis
id382;;;OK;Ergebnis
id383;;;OK;Ergebnis
id384;;;OK;Ergebnis
id385;;;OK;Ergebnis
id386;;;OK;Ergebnis
id387;;;OK;Ergebnis
id388;;;OK;Ergebnis
id389;;;OK;Ergebnis
id390;;;OK;Ergebnis
id391;;;OK;Ergebnis
id392;;;OK;Ergebnis
id393;;;OK;Ergebnis
id394;;;OK;Ergebnis
id395;;;OK;Ergebnis
id396;;;OK;Ergebnis
id397;;;OK;Ergebnis
id398;;;OK;Ergebnis
id399;;;OK;Ergebnis
id400;;;OK;Ergebnis
id401;;;OK;Ergebnis
id402;;;OK;Ergebnis
id403;;;OK;Ergebnis
id404;;;OK;Ergebnis
id405;;;OK$;Ergebnis
id406;;;OK;Ergebnis
id407;;;OK;Ergebnis
id408;;;OK;Ergebnis
id409;;;OK;Ergebnis
id410;;;OK;Ergebnis
id411;;;OK;Ergebnis
id412;;;OK;Ergebnis
id413;;;OK;Ergebnis
id414;;;OK;Ergebnis
id415;;;OK;Ergebnis
id416;;;OK;Ergebnis
id417;;;OK;Ergebnis
id418;;;OK;Ergebnis
id419;;;OK;Ergebnis
id420;;;OK;Ergebnis
id421;;;WORKER NOK;Ergebnis
id422;;;OK;Ergebnis
id423;;;OK;Ergebnis
id424;;;OK;Ergebnis
id425;;;OK;Ergebnis
id426;;;OK;Ergebnis
id427;;;OK;Ergebnis
id428;;;OK;Ergebnis
id429;;;OK;Ergebnis
id430;;;OK;Ergebnis
id431;;;OK;Ergebnis
id432;;;OK;Ergebnis
id433;;;OK;Ergebnis
id434;;;OK;Ergebnis
id435;;;OK;Ergebnis
id436;;;OK;Ergebnis
id437;;;OK;Ergebnis
id438;;;OK;Ergebnis
id439;;;OK;Ergebnis
id440;;;OK;Ergebnis
id441;;;OK;Ergebnis
id442;;;OK;Ergebnis
id443;;;OK;Ergebnis
id444;;;OK;Ergebnis
id445;;;OK;Ergebnis
id446;;;OK;Ergebnis
id447;;;OK;Ergebnis
id448;;;OK;Ergebnis
id449;;;OK;Ergebnis
id450;;;OK;Ergebnis
id451;;;OK;Ergebnis
id452;;;OK;Ergebnis
id453;;;OK;Ergebnis
id454;;;OK;Ergebnis
id455;;;OK;Ergebnis
id456;;;OK;Ergebnis
id457;;;OK;Ergebnis
id458;;;OK;Ergebnis
id459;;;OK;Ergebnis
id460;;;OK;Ergebnis
id461;;;OK;Ergebnis
id462;;;OK;Ergebnis
id463;;;OK;Ergebnis
id464;;;OK;Ergebnis
id465;;;OK;Ergebnis
id466;;;OK;Ergebnis
id467;;;OK;Ergebnis
id468;;;OK;Ergebnis
id469;;;OK;Ergebnis
id470;;;OK;Ergebnis
id471;;;OK;Ergebnis
id472;;;OK;Ergebnis
id473;;;OK;Ergebnis
id474;;;NOK;Ergebnis
id475;;;OK;Ergebnis
id476;;;OK;Ergebnis
id477;;;OK;Ergebnis
id478;;;OK;Ergebnis
id479;;;OK;Ergebnis
id480;;;OK;Ergebnis
id481;;;OK;Ergebnis
id482;;;OK;Ergebnis
id483;;;OK;Ergebnis
id484;;;OK;Ergebnis
id485;;;OK;Ergebnis
id486;;;OK;Ergebnis
id487;;;OK;Ergebnis
id488;;;OK;Ergebnis
id489;;;OK;Ergebnis
id490;;;OK;Ergebnis
id491;;;OK;Ergebnis
id492;;;OK;Ergebnis
id493;;;OK;Ergebnis
id494;;;OK;Ergebnis
id495;;;OK;Ergebnis
id496;;;OK;Ergebnis
id497;;;OK;Ergebnis
id498;;;OK;Ergebnis
id499;;;OK;Ergebnis
id500;;;OK;Ergebnis
id501;;;OK;Ergebnis
id502;;;OK;Ergebnis
id503;;;OK;Ergebnis
id504;;;OK;Ergebnis
id505;;;OK;Ergebnis
id506;;;OK;Ergebnis
id507;;;OK;Ergebnis
id508;;;OK;Ergebnis
id509;;;OK;Ergebnis
id510;;;OK;Ergebnis
id511;;;OK;Ergebnis
id512;;;OK;Ergebnis
id513;;;OK;Ergebnis
id514;;;OK;Ergebnis
id515;;;OK;Ergebnis
id516;;;OK;Ergebnis
id517;;;OK;Ergebnis
id518;;;OK;Ergebnis
id519;;;OK;Ergebnis
id520;;;OK;Ergebnis
id521;;;OK;Ergebnis
id522;;;NOK;Ergebnis
id523;;;OK;Ergebnis
id524;;;OK;Ergebnis
id525;;;OK;Ergebnis
id526;;;OK;Ergebnis
id527;;;OK;Ergebnis
id528;;;OK;Ergebnis
id529;;;OK;Ergebnis
id530;;;OK;Ergebnis
id531;;;OK;Ergebnis
id532;;;OK;Ergebnis
id533;;;OK;Ergebnis
id534;;;OK;Ergebnis
id535;;;OK;Ergebnis
id536;;;OK;Ergebnis
id537;;;OK;Ergebnis
id538;;;OK;Ergebnis
id539;;;OK;Ergebnis
id540;;;OK;Ergebnis
id541;;;OK;Ergebnis
id542;;;OK;Ergebnis
id543;;;OK;Ergebnis
id544;;;OK;Ergebnis
id545;;;OK;Ergebnis
id546;;;NOK;Ergebnis
id547;;;OK;Ergebnis
id548;;;OK;Ergebnis
id549;;;OK;Ergebnis
id550;;;OK;Ergebnis
id551;;;OK;Ergebnis
id552;;;OK;Ergebnis
id553;;;OK;Ergebnis
id554;;;OK;Ergebnis
id555;;;OK;Ergebnis
id556;;;OK;Ergebnis
id557;;;OK;Ergebnis
id558;;;OK;Ergebnis
id559;;;OK;Ergebnis
id560;;;OK;Ergebnis
id561;;;OK;Ergebnis
id562;;;OK;Ergebnis
id563;;;OK;Ergebnis
id564;;;OK;Ergebnis
id565;;;OK;Ergebnis
id566;;;OK;Ergebnis
id567;;;OK;Ergebnis
id568;;;OK;Ergebnis
id569;;;OK;Ergebnis
id570;;;OK;Ergebnis
id571;;;OK;Ergebnis
id572;;;OK;Ergebnis
id573;;;OK;Ergebnis
id574;;;WOKRER OK;Ergebnis
id575;;;OK;Ergebnis
id576;;;OK;Ergebnis
id577;;;OK;Ergebnis
id578;;;OK;Ergebnis
id579;;;OK;Ergebnis
id580;;;OK;Ergebnis
id581;;;OK;Ergebnis
id582;;;OK;Ergebnis
id583;;;OK;Ergebnis
id584;;;OK;Ergebnis
id585;;;OK;Ergebnis
id586;;;OK;Ergebnis
id587;;;OK;Ergebnis
id588;;;OK;Ergebnis
id589;;;OK;Ergebnis
id590;;;OK;Ergebnis
id591;;;OK;Ergebnis
id592;;;OK;Ergebnis
id593;;;OK;Ergebnis
id594;;;OK;Ergebnis
id595;;;OK;Ergebnis
id596;;;OK;Ergebnis
id597;;;OK;Ergebnis
id598;;;OK;Ergebnis
id599;;;OK;Ergebnis
id600;;;OK;Ergebnis
id601;;;OK;Ergebnis
id602;;;OK;Ergebnis
id603;;;OK;Ergebnis
id604;;;OK;Ergebnis
id605;;;OK;Ergebnis
id606;;;OK;Ergebnis
id607;;;OK;Ergebnis
id608;;;OK;Ergebnis
id609;;;OK;Ergebnis
id610;;;OK;Ergebnis
id611;;;OK;Ergebnis
id612;;;OK;Ergebnis
id613;;;OK;Ergebnis
id614;;;WORKER OK;Ergebnis
id615;;;OK;Ergebnis
id616;;;OK;Ergebnis
id617;;;OK;Ergebnis
id618;;;OK;Ergebnis
id619;;;OK;Ergebnis
id620;;;OK;Ergebnis
id621;;;OK;Ergebnis
id622;;;OK;Ergebnis
id623;;;OK;Ergebnis
id624;;;OK;Ergebnis
id625;;;OK;Ergebnis
id626;;;OK;Ergebnis
id627;;;OK;Ergebnis
id628;;;OK;Ergebnis
id629;;;OK;Ergebnis
id630;;;OK;Ergebnis
id631;;;OK;Ergebnis
id632;;;OK;Ergebnis
id633;;;OK;Ergebnis
id634;;;OK;Ergebnis
id635;;;OK;Ergebnis
id636;;;OK;Ergebnis
id637;;;OK;Ergebnis
id638;;;OK;Ergebnis
id639;;;OK;Ergebnis
id640;;;OK;Ergebnis
id641;;;OK;Ergebnis
id642;;;OK;Ergebnis
id643;;;OK;Ergebnis
id644;;;OK;Ergebnis
id645;;;OK;Ergebnis
id646;;;OK;Ergebnis
id647;;;OK;Ergebnis
id648;;;OK;Ergebnis
id649;;;OK;Ergebnis
id650;;;NOK;Ergebnis
id651;;;OK;Ergebnis
id652;;;OK;Ergebnis
id653;;;OK;Ergebnis
id654;;;OK;Ergebnis
id655;;;OK;Ergebnis
id656;;;OK;Ergebnis
id657;;;OK;Ergebnis
id658;;;OK;Ergebnis
id659;;;OK;Ergebnis
id660;;;OK;Ergebnis
id661;;;OK;Ergebnis
id662;;;OK;Ergebnis
id663;;;OK;Ergebnis
id664;;;OK;Ergebnis
id665;;;OK;Ergebnis
id666;;;OK;Ergebnis
id667;;;OK;Ergebnis
id668;;;OK;Ergebnis
id669;;;OK;Ergebnis
id670;;;OK;Ergebnis
id671;;;OK;Ergebnis
id672;;;OK;Ergebnis
id673;;;OK;Ergebnis
id674;;;OK;Ergebnis
id675;;;OK;Ergebnis
id676;;;OK;Ergebnis
id677;;;OK;Ergebnis
id678;;;OK;Ergebnis
id679;;;OK;Ergebnis
id680;;;OK;Ergebnis
id681;;;OK;Ergebnis
id682;;;OK;Ergebnis
id683;;;OK;Ergebnis
id684;;;OK;Ergebnis
id685;;;OK;Ergebnis
id686;;;NOK;Ergebnis
id687;;;OK;Ergebnis
id688;;;OK;Ergebnis
id689;;;OK;Ergebnis
id690;;;NOK;Ergebnis
id691;;;OK;Ergebnis
id692;;;OK;Ergebnis
id693;;;OK;Ergebnis
id694;;;OK;Ergebnis
id695;;;OK;Ergebnis
id696;;;OK;Ergebnis
id697;;;OK;Ergebnis
id698;;;OK;Ergebnis
id699;;;OK;Ergebnis
id700;;;OK;Ergebnis
id701;;;OK;Ergebnis
id702;;;OK;Ergebnis
id703;;;OK;Ergebnis
id704;;;OK;Ergebnis
id705;;;OK;Ergebnis
id706;;;OK;Ergebnis
id707;;;OK;Ergebnis
id708;;;OK;Ergebnis
id709;;;OK;Ergebnis
id710;;;OK;Ergebnis
id711;;;OK;Ergebnis
id712;;;OK;Ergebnis
id713;;;OK;Ergebnis
id714;;;OK;Ergebnis
id715;;;OK;Ergebnis
id716;;;OK;Ergebnis
id717;;;OK;Ergebnis
id718;;;OK;Ergebnis
id719;;;OK;Ergebnis
id720;;;OK;Ergebnis
id721;;;OK;Ergebnis
id722;;;OK;Ergebnis
id723;;;OK;Ergebnis
id724;;;OK;Ergebnis
id725;;;OK;Ergebnis
id726;;;OK;Ergebnis
id727;;;OK;Ergebnis
id728;;;OK;Ergebnis
id729;;;OK;Ergebnis
id730;;;OK;Ergebnis
id731;;;OK;Ergebnis
id732;;;OK;Ergebnis
id733;;;OK;Ergebnis
id734;;;OK;Ergebnis
id735;;;OK;Ergebnis
id736;;;OK;Ergebnis
id737;;;WORKER OK;Ergebnis
id738;;;WORKER NOK;Ergebnis
id739;;;OK;Ergebnis
id740;;;OK;Ergebnis
id741;;;OK;Ergebnis
id742;;;OK;Ergebnis
id743;;;OK;Ergebnis
id744;;;OK;Ergebnis
id745;;;OK;Ergebnis
id746;;;OK;Ergebnis
id747;;;OK;Ergebnis
id748;;;OK;Ergebnis
id749;;;OK;Ergebnis
id750;;;OK;Ergebnis
id751;;;OK;Ergebnis
id752;;;OK;Ergebnis
id753;;;OK;Ergebnis
id754;;;OK;Ergebnis
id755;;;OK;Ergebnis
id756;;;OK;Ergebnis
id757;;;OK;Ergebnis
id758;;;OK;Ergebnis
id759;;;OK;Ergebnis
id760;;;OK;Ergebnis
id761;;;OK;Ergebnis
id762;;;OK;Ergebnis
id763;;;OK;Ergebnis
id764;;;OK;Ergebnis
id765;;;OK;Ergebnis
id766;;;OK;Ergebnis
id767;;;OK;Ergebnis
id768;;;OK;Ergebnis
id769;;;OK;Ergebnis
id770;;;OK;Ergebnis
id771;;;OK;Ergebnis
id772;;;OK;Ergebnis
id773;;;OK;Ergebnis
id774;;;OK;Ergebnis
id775;;;OK;Ergebnis
id776;;;OK;Ergebnis
id777;;;OK;Ergebnis
id778;;;OK;Ergebnis
id779;;;OK;Ergebnis
id780;;;OK;Ergebnis
id781;;;OK;Ergebnis
id782;;;OK;Ergebnis
id783;;;OK;Ergebnis
id784;;;OK;Ergebnis
id785;;;OK;Ergebnis
id786;;;OK;Ergebnis
id787;;;OK;Ergebnis
id788;;;OK;Ergebnis
id789;;;OK;Ergebnis
id790;;;OK;Ergebnis
id791;;;OK;Ergebnis
id792;;;OK;Ergebnis
id793;;;OK;Ergebnis
id794;;;OK;Ergebnis
id795;;;OK;Ergebnis
id796;;;OK;Ergebnis
id797;;;OK;Ergebnis
id798;;;OK;Ergebnis
id799;;;OK;Ergebnis
id800;;;OK;Ergebnis
id801;;;OK;Ergebnis
id802;;;OK;Ergebnis
id803;;;OK;Ergebnis
id804;;;OK;Ergebnis
id805;;;OK;Ergebnis
id806;;;OK;Ergebnis
id807;;;OK;Ergebnis
id808;;;OK;Ergebnis
id809;;;OK;Ergebnis
id810;;;OK;Ergebnis
id811;;;OK;Ergebnis
id812;;;OK;Ergebnis
id813;;;OK;Ergebnis
id814;;;OK;Ergebnis
id815;;;OK;Ergebnis
id816;;;OK;Ergebnis
id817;;;OK;Ergebnis
id818;;;OK;Ergebnis
id819;;;OK;Ergebnis
id820;;;OK;Ergebnis
id821;;;OK;Ergebnis
id822;;;OK;Ergebnis
id823;;;OK;Ergebnis
id824;;;OK;Ergebnis
id825;;;OK;Ergebnis
id826;;;OK;Ergebnis
id827;;;OK;Ergebnis
id828;;;OK;Ergebnis
id829;;;OK;Ergebnis
id830;;;OK;Ergebnis
id831;;;OK;Ergebnis
id832;;;OK;Ergebnis
id833;;;OK;Ergebnis
id834;;;OK;Ergebnis
id835;;;OK;Ergebnis
id836;;;OK;Ergebnis
id837;;;OK;Ergebnis
id838;;;OK;Ergebnis
id839;;;OK;Ergebnis
id840;;;NOK;Ergebnis
id841;;;OK;Ergebnis
id842;;;OK;Ergebnis
id843;;;OK;Ergebnis
id844;;;OK;Ergebnis
id845;;;OK;Ergebnis
id846;;;OK;Ergebnis
id847;;;OK;Ergebnis
id848;;;OK;Ergebnis
id849;;;OK;Ergebnis
id850;;;OK;Ergebnis
id851;;;OK;Ergebnis
id852;;;OK;Ergebnis
id853;;;OK;Ergebnis
id854;;;OK;Ergebnis
id855;;;OK;Ergebnis
id856;;;OK;Ergebnis
id857;;;OK;Ergebnis
id858;;;OK;Ergebnis
id859;;;OK;Ergebnis
id860;;;OK;Ergebnis
id861;;;OK;Ergebnis
id862;;;OK;Ergebnis
id863;;;OK;Ergebnis
id864;;;OK;Ergebnis
id865;;;OK;Ergebnis
id866;;;OK;Ergebnis
id867;;;OK;Ergebnis
id868;;;OK;Ergebnis
id869;;;OK;Ergebnis
id870;;;OK;Ergebnis
id871;;;OK;Ergebnis
id872;;;OK;Ergebnis
id873;;;OK;Ergebnis
id874;;;OK;Ergebnis
id875;;;OK;Ergebnis
id876;;;OK;Ergebnis
id877;;;OK;Ergebnis
id878;;;OK;Ergebnis
id879;;;OK;Ergebnis
id880;;;OK;Ergebnis
id881;;;OK;Ergebnis
id882;;;OK;Ergebnis
id883;;;OK;Ergebnis
id884;;;OK;Ergebnis
id885;;;OK;Ergebnis
id886;;;OK;Ergebnis
id887;;;OK;Ergebnis
id888;;;OK;Ergebnis
id889;;;OK;Ergebnis
id890;;;OK;Ergebnis
id891;;;OK;Ergebnis
id892;;;OK;Ergebnis
id893;;;OK;Ergebnis
id894;;;OK;Ergebnis
id895;;;OK;Ergebnis
id896;;;OK;Ergebnis
id897;;;OK;Ergebnis
id898;;;NOK;Ergebnis
id899;;;OK;Ergebnis
id900;;;OK;Ergebnis
id901;;;OK;Ergebnis
id902;;;OK;Ergebnis
id903;;;OK;Ergebnis
id904;;;OK;Ergebnis
id905;;;OK;Ergebnis
id906;;;OK;Ergebnis
id907;;;OK;Ergebnis
id908;;;OK;Ergebnis
id909;;;OK;Ergebnis
id910;;;OK;Ergebnis
id911;;;OK;Ergebnis
id912;;;OK;Ergebnis
id913;;;OK;Ergebnis
id914;;;OK;Ergebnis
id915;;;OK;Ergebnis
id916;;;OK;Ergebnis
id917;;;OK;Ergebnis
id918;;;OK;Ergebnis
id919;;;OK;Ergebnis
id920;;;OK;Ergebnis
id921;;;OK;Ergebnis
id922;;;OK;Ergebnis
id923;;;OK;Ergebnis
id924;;;OK;Ergebnis
id925;;;OK;Ergebnis
id926;;;OK;Ergebnis
id927;;;OK;Ergebnis
id928;;;OK;Ergebnis
id929;;;OK;Ergebnis
id930;;;OK;Ergebnis
id931;;;OK;Ergebnis
id932;;;OK;Ergebnis
id933;;;OK;Ergebnis
id934;;;OK;Ergebnis
id935;;;OK;Ergebnis
id936;;;OK;Ergebnis
id937;;;OK;Ergebnis
id938;;;OK;Ergebnis
id939;;;OK;Ergebnis
id940;;;OK;Ergebnis
id941;;;NOK;Ergebnis
id942;;;OK;Ergebnis
id943;;;OK;Ergebnis
id944;;;OK;Ergebnis
id945;;;OK;Ergebnis
id946;;;OK;Ergebnis
id947;;;OK;Ergebnis
id948;;;OK;Ergebnis
id949;;;OK;Ergebnis
id950;;;OK;Ergebnis
id951;;;OK;Ergebnis
id952;;;OK;Ergebnis
id953;;;OK;Ergebnis
id954;;;OK;Ergebnis
id955;;;OK;Ergebnis
id956;;;OK;Ergebnis
id957;;;OK;Ergebnis
id958;;;OK;Ergebnis
id959;;;OK;Ergebnis
id960;;;OK;Ergebnis
id961;;;OK;Ergebnis
id962;;;OK;Ergebnis
id963;;;OK;Ergebnis
id964;;;OK;Ergebnis
id965;;;OK;Ergebnis
id966;;;OK;Ergebnis
id967;;;OK;Ergebnis
id968;;;OK;Ergebnis
id969;;;OK;Ergebnis
id970;;;OK;Ergebnis
id971;;;OK;Ergebnis
id972;;;OK;Ergebnis
id973;;;NOK;Ergebnis
id974;;;OK;Ergebnis
id975;;;OK;Ergebnis
id976;;;OK;Ergebnis
id977;;;OK;Ergebnis
id978;;;OK;Ergebnis
id979;;;OK;Ergebnis
